card_number,card_name,arcana,suit,element,upright_meaning,reversed_meaning,love_meaning,career_meaning,yes_or_no,zodiac_sign,guide_url,upright_meaning_sentence_ko,reversed_meaning_sentence_ko,love_meaning_sentence_ko,career_meaning_sentence_ko,advice_seed_ko,llm_context_ko
0,The Fool,Major,,Air,"New beginnings, innocence, adventure, free spirit","Recklessness, fear of change, holding back","Exciting new romance, spontaneous love","New career path, leap of faith",Yes,Uranus,https://deckaura.com/blogs/guide/fool-tarot-meaning,"새로운 시작 앞에 서 있으며, 아직 모든 계획이 완벽하지 않아도 열린 마음으로 첫걸음을 내딛기 좋은 흐름입니다. 순수한 호기심과 자유로운 태도가 가능성을 넓혀 줍니다.",충동적으로 움직이거나 현실적인 준비를 건너뛰고 있을 수 있습니다. 두려움 때문에 멈춰 있거나 반대로 너무 가볍게 판단하지 않는지 점검이 필요합니다.,관계에서는 설렘과 새로운 가능성이 살아나는 시기입니다. 다만 감정의 속도에만 휩쓸리지 말고 서로를 알아가는 여유를 두는 것이 좋습니다.,"일이나 진로에서는 새로운 분야, 새로운 역할, 새로운 시도를 시작할 수 있는 카드입니다. 완벽한 확신보다 배워가며 움직이는 태도가 도움이 됩니다.","지금은 모든 답을 알고 출발하려 하기보다, 작게 시작하면서 경험으로 확인하는 편이 좋습니다. 설렘과 신중함을 함께 가져가세요.","카드명: The Fool. 아르카나: Major. 슈트: None. 원소: Air. 정방향 해석: 새로운 시작 앞에 서 있으며, 아직 모든 계획이 완벽하지 않아도 열린 마음으로 첫걸음을 내딛기 좋은 흐름입니다. 순수한 호기심과 자유로운 태도가 가능성을 넓혀 줍니다. 역방향 해석: 충동적으로 움직이거나 현실적인 준비를 건너뛰고 있을 수 있습니다. 두려움 때문에 멈춰 있거나 반대로 너무 가볍게 판단하지 않는지 점검이 필요합니다. 연애 해석: 관계에서는 설렘과 새로운 가능성이 살아나는 시기입니다. 다만 감정의 속도에만 휩쓸리지 말고 서로를 알아가는 여유를 두는 것이 좋습니다. 진로 해석: 일이나 진로에서는 새로운 분야, 새로운 역할, 새로운 시도를 시작할 수 있는 카드입니다. 완벽한 확신보다 배워가며 움직이는 태도가 도움이 됩니다. 조언 생성 참고: 지금은 모든 답을 알고 출발하려 하기보다, 작게 시작하면서 경험으로 확인하는 편이 좋습니다. 설렘과 신중함을 함께 가져가세요. Yes/No 경향: Yes. 점성/상징: Uranus."
1,The Magician,Major,,Air,"Manifestation, willpower, resourcefulness","Manipulation, poor planning, untapped talents","Magnetic attraction, confident pursuit","Skill mastery, new opportunity",Yes,Mercury,https://deckaura.com/blogs/guide/magician-tarot-meaning,"이미 필요한 자원과 능력이 어느 정도 갖춰져 있으며, 의지를 현실로 옮길 수 있는 흐름입니다. 생각만 하던 일을 구체적인 행동으로 연결하기 좋은 때입니다.",능력을 제대로 쓰지 못하거나 계획이 산만해져 결과가 흐려질 수 있습니다. 말과 의도가 실제 행동으로 이어지고 있는지 확인해야 합니다.,관계에서는 매력과 표현력이 강해지는 시기입니다. 원하는 관계를 만들기 위해 솔직하고 자신감 있게 다가가는 태도가 중요합니다.,"일에서는 기술, 말솜씨, 실행력을 활용해 기회를 만들 수 있습니다. 자신이 가진 도구를 정리하고 명확한 목표에 집중하면 성과가 커집니다.","가진 것이 부족하다고 느끼기 전에, 이미 손에 있는 자원부터 사용해 보세요. 막연한 바람보다 구체적인 실행이 흐름을 바꿉니다.","카드명: The Magician. 아르카나: Major. 슈트: None. 원소: Air. 정방향 해석: 이미 필요한 자원과 능력이 어느 정도 갖춰져 있으며, 의지를 현실로 옮길 수 있는 흐름입니다. 생각만 하던 일을 구체적인 행동으로 연결하기 좋은 때입니다. 역방향 해석: 능력을 제대로 쓰지 못하거나 계획이 산만해져 결과가 흐려질 수 있습니다. 말과 의도가 실제 행동으로 이어지고 있는지 확인해야 합니다. 연애 해석: 관계에서는 매력과 표현력이 강해지는 시기입니다. 원하는 관계를 만들기 위해 솔직하고 자신감 있게 다가가는 태도가 중요합니다. 진로 해석: 일에서는 기술, 말솜씨, 실행력을 활용해 기회를 만들 수 있습니다. 자신이 가진 도구를 정리하고 명확한 목표에 집중하면 성과가 커집니다. 조언 생성 참고: 가진 것이 부족하다고 느끼기 전에, 이미 손에 있는 자원부터 사용해 보세요. 막연한 바람보다 구체적인 실행이 흐름을 바꿉니다. Yes/No 경향: Yes. 점성/상징: Mercury."
2,The High Priestess,Major,,Water,"Intuition, mystery, inner wisdom, subconscious","Secrets, disconnection from intuition","Hidden feelings, trust your instincts","Follow your gut, hidden knowledge",Yes,Moon,https://deckaura.com/blogs/guide/high-priestess-tarot-meaning,겉으로 드러난 정보보다 직감과 내면의 신호가 더 중요한 흐름입니다. 아직 모든 것이 밝혀지지 않았으므로 조용히 관찰하며 진실을 읽어야 합니다.,"중요한 감각을 외면하거나 숨겨진 문제를 보지 않으려 할 수 있습니다. 불안과 직관을 구분하고, 확인되지 않은 추측에 끌려가지 않는 것이 필요합니다.",관계에서는 말로 표현되지 않은 감정이나 숨은 분위기를 살펴볼 필요가 있습니다. 성급히 묻기보다 상대의 태도와 자신의 느낌을 함께 관찰하세요.,"일에서는 공개되지 않은 정보, 내부 흐름, 경험에서 오는 감각이 중요합니다. 바로 결론내리기보다 자료와 직감을 함께 검토하면 좋습니다.",지금은 크게 움직이기보다 조용히 읽어야 하는 때입니다. 마음이 반복해서 보내는 신호를 무시하지 마세요.,"카드명: The High Priestess. 아르카나: Major. 슈트: None. 원소: Water. 정방향 해석: 겉으로 드러난 정보보다 직감과 내면의 신호가 더 중요한 흐름입니다. 아직 모든 것이 밝혀지지 않았으므로 조용히 관찰하며 진실을 읽어야 합니다. 역방향 해석: 중요한 감각을 외면하거나 숨겨진 문제를 보지 않으려 할 수 있습니다. 불안과 직관을 구분하고, 확인되지 않은 추측에 끌려가지 않는 것이 필요합니다. 연애 해석: 관계에서는 말로 표현되지 않은 감정이나 숨은 분위기를 살펴볼 필요가 있습니다. 성급히 묻기보다 상대의 태도와 자신의 느낌을 함께 관찰하세요. 진로 해석: 일에서는 공개되지 않은 정보, 내부 흐름, 경험에서 오는 감각이 중요합니다. 바로 결론내리기보다 자료와 직감을 함께 검토하면 좋습니다. 조언 생성 참고: 지금은 크게 움직이기보다 조용히 읽어야 하는 때입니다. 마음이 반복해서 보내는 신호를 무시하지 마세요. Yes/No 경향: Yes. 점성/상징: Moon."
3,The Empress,Major,,Earth,"Abundance, nurturing, fertility, beauty","Insecurity, neglect, creative block","Deep love, sensual connection","Growth, prosperity, creative success",Yes,Venus,https://deckaura.com/blogs/guide/empress-tarot-meaning,"풍요와 성장의 흐름이 열리고 있으며, 돌봄과 창조성이 좋은 결과로 이어질 수 있습니다. 지금 키우고 있는 것이 천천히 결실을 맺을 가능성이 큽니다.",자기 돌봄이 부족하거나 창조적인 흐름이 막혀 있을 수 있습니다. 타인을 챙기느라 자신의 욕구와 한계를 잊고 있지 않은지 돌아봐야 합니다.,"관계에서는 따뜻함, 애정 표현, 감각적인 친밀감이 깊어질 수 있습니다. 다만 지나친 의존이나 과보호가 되지 않도록 균형이 필요합니다.","일에서는 창의적인 프로젝트, 성장 가능성, 풍요로운 결과를 기대할 수 있습니다. 꾸준히 가꾸는 태도가 장기적인 성과로 이어집니다.",지금은 밀어붙이기보다 잘 자라도록 환경을 만드는 것이 중요합니다. 자신에게도 충분한 돌봄을 주세요.,"카드명: The Empress. 아르카나: Major. 슈트: None. 원소: Earth. 정방향 해석: 풍요와 성장의 흐름이 열리고 있으며, 돌봄과 창조성이 좋은 결과로 이어질 수 있습니다. 지금 키우고 있는 것이 천천히 결실을 맺을 가능성이 큽니다. 역방향 해석: 자기 돌봄이 부족하거나 창조적인 흐름이 막혀 있을 수 있습니다. 타인을 챙기느라 자신의 욕구와 한계를 잊고 있지 않은지 돌아봐야 합니다. 연애 해석: 관계에서는 따뜻함, 애정 표현, 감각적인 친밀감이 깊어질 수 있습니다. 다만 지나친 의존이나 과보호가 되지 않도록 균형이 필요합니다. 진로 해석: 일에서는 창의적인 프로젝트, 성장 가능성, 풍요로운 결과를 기대할 수 있습니다. 꾸준히 가꾸는 태도가 장기적인 성과로 이어집니다. 조언 생성 참고: 지금은 밀어붙이기보다 잘 자라도록 환경을 만드는 것이 중요합니다. 자신에게도 충분한 돌봄을 주세요. Yes/No 경향: Yes. 점성/상징: Venus."
4,The Emperor,Major,,Fire,"Authority, structure, leadership, stability","Domination, rigidity, lack of discipline","Committed partner, protective love","Leadership role, promotion",Yes,Aries,https://deckaura.com/blogs/guide/emperor-tarot-meaning,"질서와 책임, 명확한 기준이 필요한 시기입니다. 감정만으로 움직이기보다 구조를 세우고 주도권을 잡을 때 안정감이 커집니다.","통제하려는 마음이 강해지거나 반대로 규칙과 책임이 무너질 수 있습니다. 권위와 고집, 안정과 압박의 차이를 구분해야 합니다.",관계에서는 책임감 있고 안정적인 태도가 중요합니다. 다만 보호가 통제로 느껴지지 않도록 상대의 자율성도 존중해야 합니다.,"일에서는 리더십, 관리 능력, 승진이나 책임 있는 역할과 연결될 수 있습니다. 계획과 규칙을 명확히 할수록 결과가 단단해집니다.","흔들리는 상황일수록 기준을 세우세요. 단, 강하게 버티는 것과 상대를 몰아붙이는 것은 다릅니다.","카드명: The Emperor. 아르카나: Major. 슈트: None. 원소: Fire. 정방향 해석: 질서와 책임, 명확한 기준이 필요한 시기입니다. 감정만으로 움직이기보다 구조를 세우고 주도권을 잡을 때 안정감이 커집니다. 역방향 해석: 통제하려는 마음이 강해지거나 반대로 규칙과 책임이 무너질 수 있습니다. 권위와 고집, 안정과 압박의 차이를 구분해야 합니다. 연애 해석: 관계에서는 책임감 있고 안정적인 태도가 중요합니다. 다만 보호가 통제로 느껴지지 않도록 상대의 자율성도 존중해야 합니다. 진로 해석: 일에서는 리더십, 관리 능력, 승진이나 책임 있는 역할과 연결될 수 있습니다. 계획과 규칙을 명확히 할수록 결과가 단단해집니다. 조언 생성 참고: 흔들리는 상황일수록 기준을 세우세요. 단, 강하게 버티는 것과 상대를 몰아붙이는 것은 다릅니다. Yes/No 경향: Yes. 점성/상징: Aries."
5,The Hierophant,Major,,Earth,"Tradition, spiritual guidance, conformity","Rebellion, subversion, new approaches","Traditional relationship, commitment","Mentorship, conventional path",Yes,Taurus,https://deckaura.com/blogs/guide/hierophant-tarot-meaning,"전통, 규칙, 조언자, 배움의 흐름이 강조됩니다. 혼자만의 방식보다 검증된 길이나 신뢰할 수 있는 사람의 조언이 도움이 됩니다.","기존의 규칙이 지금 상황에 맞지 않거나, 남들이 정한 기준에 억눌리고 있을 수 있습니다. 자신만의 믿음과 방식을 재정리할 필요가 있습니다.","관계에서는 진지한 약속, 가치관의 일치, 주변의 인정이 중요해질 수 있습니다. 반대로 관계가 지나치게 형식에 묶여 있는지도 살펴봐야 합니다.","일에서는 교육, 멘토링, 조직의 규칙, 자격이나 제도와 관련된 흐름이 강합니다. 체계를 배우고 따르는 것이 성장을 돕습니다.","기본기를 무시하지 마세요. 다만 전통을 따르더라도, 그것이 지금의 나에게 맞는지 질문하는 태도는 필요합니다.","카드명: The Hierophant. 아르카나: Major. 슈트: None. 원소: Earth. 정방향 해석: 전통, 규칙, 조언자, 배움의 흐름이 강조됩니다. 혼자만의 방식보다 검증된 길이나 신뢰할 수 있는 사람의 조언이 도움이 됩니다. 역방향 해석: 기존의 규칙이 지금 상황에 맞지 않거나, 남들이 정한 기준에 억눌리고 있을 수 있습니다. 자신만의 믿음과 방식을 재정리할 필요가 있습니다. 연애 해석: 관계에서는 진지한 약속, 가치관의 일치, 주변의 인정이 중요해질 수 있습니다. 반대로 관계가 지나치게 형식에 묶여 있는지도 살펴봐야 합니다. 진로 해석: 일에서는 교육, 멘토링, 조직의 규칙, 자격이나 제도와 관련된 흐름이 강합니다. 체계를 배우고 따르는 것이 성장을 돕습니다. 조언 생성 참고: 기본기를 무시하지 마세요. 다만 전통을 따르더라도, 그것이 지금의 나에게 맞는지 질문하는 태도는 필요합니다. Yes/No 경향: Yes. 점성/상징: Taurus."
6,The Lovers,Major,,Air,"Love, choices, partnerships, harmony","Disharmony, imbalance, misalignment","Soulmate connection, deep bond","Important partnership, career choice",Yes,Gemini,https://deckaura.com/blogs/guide/lovers-tarot-meaning,"사랑, 조화, 중요한 선택이 함께 나타나는 카드입니다. 마음이 끌리는 방향뿐 아니라 자신의 가치와 잘 맞는지를 확인해야 합니다.","관계나 선택에서 불균형이 생기고, 말과 마음이 어긋날 수 있습니다. 끌림만으로 결정하기보다 서로의 기준이 맞는지 점검해야 합니다.","관계에서는 깊은 호감과 연결감이 커질 수 있습니다. 중요한 선택 앞에 있다면 진심, 신뢰, 가치관의 일치를 기준으로 삼는 것이 좋습니다.","일에서는 협업, 파트너십, 가치에 맞는 선택이 중요합니다. 당장의 이익보다 내가 오래 책임질 수 있는 방향인지 보는 것이 필요합니다.",무엇을 선택하든 나의 가치와 맞는지가 핵심입니다. 마음이 원하는 것과 현실이 요구하는 것을 함께 놓고 보세요.,"카드명: The Lovers. 아르카나: Major. 슈트: None. 원소: Air. 정방향 해석: 사랑, 조화, 중요한 선택이 함께 나타나는 카드입니다. 마음이 끌리는 방향뿐 아니라 자신의 가치와 잘 맞는지를 확인해야 합니다. 역방향 해석: 관계나 선택에서 불균형이 생기고, 말과 마음이 어긋날 수 있습니다. 끌림만으로 결정하기보다 서로의 기준이 맞는지 점검해야 합니다. 연애 해석: 관계에서는 깊은 호감과 연결감이 커질 수 있습니다. 중요한 선택 앞에 있다면 진심, 신뢰, 가치관의 일치를 기준으로 삼는 것이 좋습니다. 진로 해석: 일에서는 협업, 파트너십, 가치에 맞는 선택이 중요합니다. 당장의 이익보다 내가 오래 책임질 수 있는 방향인지 보는 것이 필요합니다. 조언 생성 참고: 무엇을 선택하든 나의 가치와 맞는지가 핵심입니다. 마음이 원하는 것과 현실이 요구하는 것을 함께 놓고 보세요. Yes/No 경향: Yes. 점성/상징: Gemini."
7,The Chariot,Major,,Water,"Determination, willpower, triumph, control","Lack of direction, aggression",Pursuing love with confidence,"Ambition, career victory",Yes,Cancer,https://deckaura.com/blogs/guide/chariot-tarot-meaning,강한 의지와 추진력으로 목표를 향해 나아갈 수 있는 흐름입니다. 방향만 분명하다면 장애물도 통제하며 돌파할 수 있습니다.,속도는 빠르지만 방향이 흔들리거나 감정적인 충돌이 생길 수 있습니다. 무리하게 밀어붙이기보다 조종대를 다시 잡아야 합니다.,관계에서는 관계를 앞으로 끌고 가려는 의지가 강해질 수 있습니다. 다만 상대와 속도가 다르면 압박으로 느껴질 수 있으니 조율이 필요합니다.,"일에서는 경쟁, 목표 달성, 성과를 향한 집중이 돋보입니다. 분명한 계획과 자기통제가 성공의 핵심입니다.","힘이 있다고 해서 무조건 전진하는 것이 답은 아닙니다. 먼저 방향을 정하고, 그 다음 속도를 내세요.","카드명: The Chariot. 아르카나: Major. 슈트: None. 원소: Water. 정방향 해석: 강한 의지와 추진력으로 목표를 향해 나아갈 수 있는 흐름입니다. 방향만 분명하다면 장애물도 통제하며 돌파할 수 있습니다. 역방향 해석: 속도는 빠르지만 방향이 흔들리거나 감정적인 충돌이 생길 수 있습니다. 무리하게 밀어붙이기보다 조종대를 다시 잡아야 합니다. 연애 해석: 관계에서는 관계를 앞으로 끌고 가려는 의지가 강해질 수 있습니다. 다만 상대와 속도가 다르면 압박으로 느껴질 수 있으니 조율이 필요합니다. 진로 해석: 일에서는 경쟁, 목표 달성, 성과를 향한 집중이 돋보입니다. 분명한 계획과 자기통제가 성공의 핵심입니다. 조언 생성 참고: 힘이 있다고 해서 무조건 전진하는 것이 답은 아닙니다. 먼저 방향을 정하고, 그 다음 속도를 내세요. Yes/No 경향: Yes. 점성/상징: Cancer."
8,Strength,Major,,Fire,"Courage, patience, inner strength, compassion","Self-doubt, weakness, insecurity","Patient love, gentle strength","Perseverance, overcoming challenges",Yes,Leo,https://deckaura.com/blogs/guide/strength-tarot-meaning,"진짜 힘은 억누르는 것이 아니라 부드럽게 다루는 데서 나옵니다. 인내, 용기, 따뜻한 통제가 상황을 안정시키는 흐름입니다.",자신감이 흔들리거나 감정적 반응이 커질 수 있습니다. 약해진 마음을 탓하기보다 회복할 시간을 주는 것이 필요합니다.,관계에서는 다정한 인내와 이해가 중요합니다. 상대를 바꾸려 하기보다 안정감을 주는 태도가 관계를 부드럽게 만듭니다.,일에서는 버티는 힘과 꾸준한 자기관리 능력이 중요합니다. 강하게 몰아붙이기보다 긴 호흡으로 안정적인 성과를 만들 수 있습니다.,지금 필요한 것은 세게 밀어붙이는 힘보다 흔들리지 않는 부드러움입니다. 감정을 적으로 보지 말고 잘 길들여 보세요.,"카드명: Strength. 아르카나: Major. 슈트: None. 원소: Fire. 정방향 해석: 진짜 힘은 억누르는 것이 아니라 부드럽게 다루는 데서 나옵니다. 인내, 용기, 따뜻한 통제가 상황을 안정시키는 흐름입니다. 역방향 해석: 자신감이 흔들리거나 감정적 반응이 커질 수 있습니다. 약해진 마음을 탓하기보다 회복할 시간을 주는 것이 필요합니다. 연애 해석: 관계에서는 다정한 인내와 이해가 중요합니다. 상대를 바꾸려 하기보다 안정감을 주는 태도가 관계를 부드럽게 만듭니다. 진로 해석: 일에서는 버티는 힘과 꾸준한 자기관리 능력이 중요합니다. 강하게 몰아붙이기보다 긴 호흡으로 안정적인 성과를 만들 수 있습니다. 조언 생성 참고: 지금 필요한 것은 세게 밀어붙이는 힘보다 흔들리지 않는 부드러움입니다. 감정을 적으로 보지 말고 잘 길들여 보세요. Yes/No 경향: Yes. 점성/상징: Leo."
9,The Hermit,Major,,Earth,"Introspection, solitude, inner guidance","Isolation, loneliness, withdrawal",Self-discovery before love,"Career reflection, finding purpose",Maybe,Virgo,https://deckaura.com/blogs/guide/hermit-tarot-meaning,혼자만의 시간 속에서 답을 찾는 흐름입니다. 외부의 소음에서 잠시 떨어져 내 기준과 진짜 원하는 것을 살펴볼 필요가 있습니다.,필요한 고독을 넘어 고립으로 들어가고 있을 수 있습니다. 혼자 생각하는 시간이 길어졌다면 믿을 만한 사람과 현실 감각을 나누는 것도 좋습니다.,관계에서는 거리를 두고 마음을 정리할 필요가 있습니다. 상대에게서 답을 찾기보다 내가 무엇을 원하는지 먼저 확인해야 합니다.,"일에서는 깊은 연구, 전문성, 방향 재정리가 중요합니다. 당장 드러나는 성과보다 내공을 쌓는 시간이 필요할 수 있습니다.",잠시 멈춰도 뒤처지는 것이 아닙니다. 조용히 들여다본 답이 다음 선택의 등불이 됩니다.,"카드명: The Hermit. 아르카나: Major. 슈트: None. 원소: Earth. 정방향 해석: 혼자만의 시간 속에서 답을 찾는 흐름입니다. 외부의 소음에서 잠시 떨어져 내 기준과 진짜 원하는 것을 살펴볼 필요가 있습니다. 역방향 해석: 필요한 고독을 넘어 고립으로 들어가고 있을 수 있습니다. 혼자 생각하는 시간이 길어졌다면 믿을 만한 사람과 현실 감각을 나누는 것도 좋습니다. 연애 해석: 관계에서는 거리를 두고 마음을 정리할 필요가 있습니다. 상대에게서 답을 찾기보다 내가 무엇을 원하는지 먼저 확인해야 합니다. 진로 해석: 일에서는 깊은 연구, 전문성, 방향 재정리가 중요합니다. 당장 드러나는 성과보다 내공을 쌓는 시간이 필요할 수 있습니다. 조언 생성 참고: 잠시 멈춰도 뒤처지는 것이 아닙니다. 조용히 들여다본 답이 다음 선택의 등불이 됩니다. Yes/No 경향: Maybe. 점성/상징: Virgo."
10,Wheel of Fortune,Major,,Fire,"Cycles, destiny, turning points, luck","Bad luck, resistance to change","Fated romance, relationship shift","Career change, unexpected opportunity",Yes,Jupiter,https://deckaura.com/blogs/guide/wheel-of-fortune-tarot-meaning,흐름이 바뀌고 새로운 전환점이 다가오는 카드입니다. 모든 것을 통제하려 하기보다 변화의 리듬을 읽고 기회를 잡는 태도가 필요합니다.,반복되는 패턴이나 예상치 못한 지연이 나타날 수 있습니다. 불운처럼 보이는 상황 안에서도 내가 바꿀 수 있는 선택을 찾아야 합니다.,관계에서는 운명적인 만남이나 흐름의 변화가 생길 수 있습니다. 좋든 어렵든 관계가 이전과 다른 국면으로 넘어가고 있습니다.,"일에서는 기회, 이동, 변화, 타이밍이 중요합니다. 흐름이 바뀔 때 유연하게 대응하면 새로운 가능성을 잡을 수 있습니다.",지금 상황은 고정된 결론이 아니라 움직이는 흐름입니다. 억지로 붙잡기보다 타이밍을 읽으세요.,"카드명: Wheel of Fortune. 아르카나: Major. 슈트: None. 원소: Fire. 정방향 해석: 흐름이 바뀌고 새로운 전환점이 다가오는 카드입니다. 모든 것을 통제하려 하기보다 변화의 리듬을 읽고 기회를 잡는 태도가 필요합니다. 역방향 해석: 반복되는 패턴이나 예상치 못한 지연이 나타날 수 있습니다. 불운처럼 보이는 상황 안에서도 내가 바꿀 수 있는 선택을 찾아야 합니다. 연애 해석: 관계에서는 운명적인 만남이나 흐름의 변화가 생길 수 있습니다. 좋든 어렵든 관계가 이전과 다른 국면으로 넘어가고 있습니다. 진로 해석: 일에서는 기회, 이동, 변화, 타이밍이 중요합니다. 흐름이 바뀔 때 유연하게 대응하면 새로운 가능성을 잡을 수 있습니다. 조언 생성 참고: 지금 상황은 고정된 결론이 아니라 움직이는 흐름입니다. 억지로 붙잡기보다 타이밍을 읽으세요. Yes/No 경향: Yes. 점성/상징: Jupiter."
11,Justice,Major,,Air,"Fairness, truth, accountability, law","Unfairness, dishonesty, lack of accountability","Fair partnership, karmic relationship","Legal matters, ethical decisions",Yes,Libra,https://deckaura.com/blogs/guide/justice-tarot-meaning,"공정함, 책임, 사실 확인이 중요한 시기입니다. 감정보다 기준과 결과를 보고 판단하면 균형 잡힌 결정을 내릴 수 있습니다.",불공정함이나 책임 회피가 문제를 키울 수 있습니다. 자신에게 유리한 해석만 하고 있지 않은지 냉정하게 돌아봐야 합니다.,관계에서는 서로에게 공정한 태도와 책임 있는 대화가 필요합니다. 한쪽만 참거나 한쪽만 요구하는 구조라면 조정이 필요합니다.,"일에서는 계약, 평가, 규칙, 책임 소재가 중요해질 수 있습니다. 기록과 근거를 남기고 공정한 기준을 세우는 것이 좋습니다.",감정적으로 억울한 부분이 있더라도 사실을 정리하세요. 지금은 균형과 책임이 답에 가까운 길입니다.,"카드명: Justice. 아르카나: Major. 슈트: None. 원소: Air. 정방향 해석: 공정함, 책임, 사실 확인이 중요한 시기입니다. 감정보다 기준과 결과를 보고 판단하면 균형 잡힌 결정을 내릴 수 있습니다. 역방향 해석: 불공정함이나 책임 회피가 문제를 키울 수 있습니다. 자신에게 유리한 해석만 하고 있지 않은지 냉정하게 돌아봐야 합니다. 연애 해석: 관계에서는 서로에게 공정한 태도와 책임 있는 대화가 필요합니다. 한쪽만 참거나 한쪽만 요구하는 구조라면 조정이 필요합니다. 진로 해석: 일에서는 계약, 평가, 규칙, 책임 소재가 중요해질 수 있습니다. 기록과 근거를 남기고 공정한 기준을 세우는 것이 좋습니다. 조언 생성 참고: 감정적으로 억울한 부분이 있더라도 사실을 정리하세요. 지금은 균형과 책임이 답에 가까운 길입니다. Yes/No 경향: Yes. 점성/상징: Libra."
12,The Hanged Man,Major,,Water,"Surrender, new perspective, pause, letting go","Stalling, resistance, indecision","Pause in relationship, new viewpoint","Career pause, seeing things differently",Maybe,Neptune,https://deckaura.com/blogs/guide/hanged-man-tarot-meaning,지금은 억지로 움직이기보다 멈춤을 통해 새로운 관점을 얻는 시기입니다. 내려놓을수록 보이지 않던 답이 드러날 수 있습니다.,멈춤이 배움이 되지 못하고 단순한 지연이나 회피가 될 수 있습니다. 무엇을 붙잡고 있어서 앞으로 가지 못하는지 살펴야 합니다.,관계에서는 속도를 늦추고 서로를 다른 시선으로 바라볼 필요가 있습니다. 당장 결론을 내리기보다 마음의 위치를 바꿔보는 것이 좋습니다.,일에서는 계획이 늦어지거나 방향 전환을 요구받을 수 있습니다. 잠시 멈춰 재해석하는 시간이 오히려 더 나은 선택을 만듭니다.,"지금 답이 안 보인다면 위치를 바꿔 보세요. 포기와 내려놓음은 다르며, 내려놓음은 더 넓은 시야를 줍니다.","카드명: The Hanged Man. 아르카나: Major. 슈트: None. 원소: Water. 정방향 해석: 지금은 억지로 움직이기보다 멈춤을 통해 새로운 관점을 얻는 시기입니다. 내려놓을수록 보이지 않던 답이 드러날 수 있습니다. 역방향 해석: 멈춤이 배움이 되지 못하고 단순한 지연이나 회피가 될 수 있습니다. 무엇을 붙잡고 있어서 앞으로 가지 못하는지 살펴야 합니다. 연애 해석: 관계에서는 속도를 늦추고 서로를 다른 시선으로 바라볼 필요가 있습니다. 당장 결론을 내리기보다 마음의 위치를 바꿔보는 것이 좋습니다. 진로 해석: 일에서는 계획이 늦어지거나 방향 전환을 요구받을 수 있습니다. 잠시 멈춰 재해석하는 시간이 오히려 더 나은 선택을 만듭니다. 조언 생성 참고: 지금 답이 안 보인다면 위치를 바꿔 보세요. 포기와 내려놓음은 다르며, 내려놓음은 더 넓은 시야를 줍니다. Yes/No 경향: Maybe. 점성/상징: Neptune."
13,Death,Major,,Water,"Transformation, endings, new beginnings, change","Resistance to change, stagnation","Relationship transformation, letting go",Career ending leading to new start,Maybe,Scorpio,https://deckaura.com/blogs/guide/death-tarot-meaning,"어떤 단계가 끝나고 새로운 형태로 바뀌어야 하는 흐름입니다. 이 카드는 물리적인 죽음보다 변화, 정리, 재탄생을 의미합니다.",이미 끝났거나 바뀌어야 할 것을 붙잡고 있어 정체가 생길 수 있습니다. 변화가 두렵더라도 낡은 구조를 계속 유지하기는 어렵습니다.,"관계에서는 기존 방식이 끝나고 새로운 관계 방식이 필요할 수 있습니다. 이별, 거리두기, 혹은 관계의 재정의가 주제로 떠오를 수 있습니다.","일에서는 큰 전환, 퇴사 고민, 역할 변화, 프로젝트 종료와 연결될 수 있습니다. 끝나는 것이 실패가 아니라 다음 단계의 문일 수 있습니다.",붙잡는 힘보다 정리하는 용기가 필요한 때입니다. 끝을 인정해야 다음 시작이 들어올 자리가 생깁니다.,"카드명: Death. 아르카나: Major. 슈트: None. 원소: Water. 정방향 해석: 어떤 단계가 끝나고 새로운 형태로 바뀌어야 하는 흐름입니다. 이 카드는 물리적인 죽음보다 변화, 정리, 재탄생을 의미합니다. 역방향 해석: 이미 끝났거나 바뀌어야 할 것을 붙잡고 있어 정체가 생길 수 있습니다. 변화가 두렵더라도 낡은 구조를 계속 유지하기는 어렵습니다. 연애 해석: 관계에서는 기존 방식이 끝나고 새로운 관계 방식이 필요할 수 있습니다. 이별, 거리두기, 혹은 관계의 재정의가 주제로 떠오를 수 있습니다. 진로 해석: 일에서는 큰 전환, 퇴사 고민, 역할 변화, 프로젝트 종료와 연결될 수 있습니다. 끝나는 것이 실패가 아니라 다음 단계의 문일 수 있습니다. 조언 생성 참고: 붙잡는 힘보다 정리하는 용기가 필요한 때입니다. 끝을 인정해야 다음 시작이 들어올 자리가 생깁니다. Yes/No 경향: Maybe. 점성/상징: Scorpio."
14,Temperance,Major,,Fire,"Balance, patience, moderation, purpose","Imbalance, excess, lack of patience","Balanced relationship, harmony","Work-life balance, patience pays off",Yes,Sagittarius,https://deckaura.com/blogs/guide/temperance-tarot-meaning,균형과 조율을 통해 상황이 안정되는 흐름입니다. 급하게 결론내리기보다 서로 다른 요소를 섞어 적절한 중간점을 찾는 것이 좋습니다.,"과하거나 부족한 부분 때문에 흐름이 흔들릴 수 있습니다. 감정, 일, 관계, 생활 리듬 중 어디가 불균형한지 점검해야 합니다.",관계에서는 서로의 차이를 조율하고 적당한 속도를 맞추는 것이 중요합니다. 극단적인 반응보다 차분한 대화가 관계를 회복시킵니다.,"일에서는 협업, 일정 조율, 장기적 균형이 중요합니다. 과로하거나 서두르면 오히려 완성도가 떨어질 수 있습니다.",무리해서 한쪽으로 몰지 마세요. 지금은 적절한 온도와 속도를 찾는 것이 가장 큰 지혜입니다.,"카드명: Temperance. 아르카나: Major. 슈트: None. 원소: Fire. 정방향 해석: 균형과 조율을 통해 상황이 안정되는 흐름입니다. 급하게 결론내리기보다 서로 다른 요소를 섞어 적절한 중간점을 찾는 것이 좋습니다. 역방향 해석: 과하거나 부족한 부분 때문에 흐름이 흔들릴 수 있습니다. 감정, 일, 관계, 생활 리듬 중 어디가 불균형한지 점검해야 합니다. 연애 해석: 관계에서는 서로의 차이를 조율하고 적당한 속도를 맞추는 것이 중요합니다. 극단적인 반응보다 차분한 대화가 관계를 회복시킵니다. 진로 해석: 일에서는 협업, 일정 조율, 장기적 균형이 중요합니다. 과로하거나 서두르면 오히려 완성도가 떨어질 수 있습니다. 조언 생성 참고: 무리해서 한쪽으로 몰지 마세요. 지금은 적절한 온도와 속도를 찾는 것이 가장 큰 지혜입니다. Yes/No 경향: Yes. 점성/상징: Sagittarius."
15,The Devil,Major,,Earth,"Addiction, materialism, shadow self, bondage","Breaking free, releasing limiting beliefs","Toxic attachment, passion without depth","Feeling trapped in job, materialism",No,Capricorn,https://deckaura.com/blogs/guide/devil-tarot-meaning,"집착, 유혹, 중독, 불건강한 패턴을 마주해야 하는 카드입니다. 나를 묶고 있는 것이 무엇인지 정직하게 보는 것이 첫걸음입니다.",속박에서 벗어나려는 힘이 생기고 있습니다. 오래된 습관이나 제한적인 믿음을 끊어낼 기회가 열릴 수 있습니다.,"관계에서는 강한 끌림과 집착이 함께 나타날 수 있습니다. 사랑인지 의존인지, 자유를 주는 관계인지 확인해야 합니다.","일에서는 돈, 권력, 성과에 대한 압박이 커질 수 있습니다. 목표가 나를 성장시키는지 소진시키는지 구분해야 합니다.","지금 불편한 반복을 모른 척하지 마세요. 나를 묶는 패턴의 이름을 붙이는 순간, 벗어날 길도 보이기 시작합니다.","카드명: The Devil. 아르카나: Major. 슈트: None. 원소: Earth. 정방향 해석: 집착, 유혹, 중독, 불건강한 패턴을 마주해야 하는 카드입니다. 나를 묶고 있는 것이 무엇인지 정직하게 보는 것이 첫걸음입니다. 역방향 해석: 속박에서 벗어나려는 힘이 생기고 있습니다. 오래된 습관이나 제한적인 믿음을 끊어낼 기회가 열릴 수 있습니다. 연애 해석: 관계에서는 강한 끌림과 집착이 함께 나타날 수 있습니다. 사랑인지 의존인지, 자유를 주는 관계인지 확인해야 합니다. 진로 해석: 일에서는 돈, 권력, 성과에 대한 압박이 커질 수 있습니다. 목표가 나를 성장시키는지 소진시키는지 구분해야 합니다. 조언 생성 참고: 지금 불편한 반복을 모른 척하지 마세요. 나를 묶는 패턴의 이름을 붙이는 순간, 벗어날 길도 보이기 시작합니다. Yes/No 경향: No. 점성/상징: Capricorn."
16,The Tower,Major,,Fire,"Sudden change, upheaval, revelation, chaos","Avoiding disaster, fear of change","Relationship shakeup, revelation","Sudden job loss, unexpected upheaval",No,Mars,https://deckaura.com/blogs/guide/tower-tarot-meaning,"예상치 못한 변화나 충격이 기존 구조를 흔들 수 있습니다. 그러나 무너지는 것은 오래 버티기 어려웠던 방식이며, 진실이 드러나는 과정일 수 있습니다.",큰 변화를 피하려 하거나 이미 위험 신호를 알고도 미루고 있을 수 있습니다. 더 늦기 전에 불안정한 구조를 점검해야 합니다.,관계에서는 숨겨졌던 문제가 드러나거나 갑작스러운 갈등이 생길 수 있습니다. 무너지는 대화를 피하기보다 진실을 마주하는 용기가 필요합니다.,"일에서는 조직 변화, 프로젝트 중단, 계획 붕괴 같은 급격한 전환이 나타날 수 있습니다. 위기 속에서 새 구조를 세우는 것이 중요합니다.",무너짐을 단순한 실패로만 보지 마세요. 지금 드러난 균열은 더 안전한 기반을 다시 세우라는 신호일 수 있습니다.,"카드명: The Tower. 아르카나: Major. 슈트: None. 원소: Fire. 정방향 해석: 예상치 못한 변화나 충격이 기존 구조를 흔들 수 있습니다. 그러나 무너지는 것은 오래 버티기 어려웠던 방식이며, 진실이 드러나는 과정일 수 있습니다. 역방향 해석: 큰 변화를 피하려 하거나 이미 위험 신호를 알고도 미루고 있을 수 있습니다. 더 늦기 전에 불안정한 구조를 점검해야 합니다. 연애 해석: 관계에서는 숨겨졌던 문제가 드러나거나 갑작스러운 갈등이 생길 수 있습니다. 무너지는 대화를 피하기보다 진실을 마주하는 용기가 필요합니다. 진로 해석: 일에서는 조직 변화, 프로젝트 중단, 계획 붕괴 같은 급격한 전환이 나타날 수 있습니다. 위기 속에서 새 구조를 세우는 것이 중요합니다. 조언 생성 참고: 무너짐을 단순한 실패로만 보지 마세요. 지금 드러난 균열은 더 안전한 기반을 다시 세우라는 신호일 수 있습니다. Yes/No 경향: No. 점성/상징: Mars."
17,The Star,Major,,Air,"Hope, renewal, spirituality, inspiration","Despair, lack of faith, disconnection","Healing love, renewed hope","Creative inspiration, dream career",Yes,Aquarius,https://deckaura.com/blogs/guide/star-tarot-meaning,"상처 이후의 회복과 희망이 찾아오는 카드입니다. 아직 완성된 결과는 아니어도, 다시 믿고 앞으로 나아갈 수 있는 빛이 보입니다.",희망이 약해지고 자신에 대한 믿음이 흔들릴 수 있습니다. 회복이 늦어 보이더라도 작은 안정과 돌봄부터 다시 쌓아야 합니다.,"관계에서는 치유, 신뢰 회복, 순수한 마음이 중요해집니다. 과거의 상처를 인정하되 미래의 가능성까지 닫아버리지는 마세요.","일에서는 영감, 장기적 비전, 회복의 흐름이 나타납니다. 당장 큰 성과보다 다시 방향을 믿고 꾸준히 가는 것이 중요합니다.",지금 필요한 것은 완벽한 확신이 아니라 작은 희망을 계속 지키는 일입니다. 스스로를 회복의 방향으로 데려가세요.,"카드명: The Star. 아르카나: Major. 슈트: None. 원소: Air. 정방향 해석: 상처 이후의 회복과 희망이 찾아오는 카드입니다. 아직 완성된 결과는 아니어도, 다시 믿고 앞으로 나아갈 수 있는 빛이 보입니다. 역방향 해석: 희망이 약해지고 자신에 대한 믿음이 흔들릴 수 있습니다. 회복이 늦어 보이더라도 작은 안정과 돌봄부터 다시 쌓아야 합니다. 연애 해석: 관계에서는 치유, 신뢰 회복, 순수한 마음이 중요해집니다. 과거의 상처를 인정하되 미래의 가능성까지 닫아버리지는 마세요. 진로 해석: 일에서는 영감, 장기적 비전, 회복의 흐름이 나타납니다. 당장 큰 성과보다 다시 방향을 믿고 꾸준히 가는 것이 중요합니다. 조언 생성 참고: 지금 필요한 것은 완벽한 확신이 아니라 작은 희망을 계속 지키는 일입니다. 스스로를 회복의 방향으로 데려가세요. Yes/No 경향: Yes. 점성/상징: Aquarius."
18,The Moon,Major,,Water,"Illusion, fear, subconscious, anxiety","Release of fear, clarity emerging","Confusion in love, hidden emotions","Uncertainty, trust your intuition",Maybe,Pisces,https://deckaura.com/blogs/guide/moon-tarot-meaning,"불확실함, 불안, 착각이 섞인 흐름입니다. 보이는 것만으로 판단하기 어렵기 때문에 감정과 사실을 분리해 확인해야 합니다.",혼란이 서서히 걷히고 진실이 드러나기 시작합니다. 두려움이 줄어들수록 현실을 더 선명하게 볼 수 있습니다.,"관계에서는 오해, 불안, 말하지 않은 감정이 커질 수 있습니다. 상상으로 결론내리기보다 확인 가능한 대화를 시도하세요.",일에서는 정보가 불완전하거나 상황이 불투명할 수 있습니다. 중요한 결정은 자료를 더 모은 뒤에 내리는 편이 좋습니다.,불안이 말하는 것과 현실이 말하는 것을 구분하세요. 지금은 빠른 결론보다 조심스러운 확인이 필요합니다.,"카드명: The Moon. 아르카나: Major. 슈트: None. 원소: Water. 정방향 해석: 불확실함, 불안, 착각이 섞인 흐름입니다. 보이는 것만으로 판단하기 어렵기 때문에 감정과 사실을 분리해 확인해야 합니다. 역방향 해석: 혼란이 서서히 걷히고 진실이 드러나기 시작합니다. 두려움이 줄어들수록 현실을 더 선명하게 볼 수 있습니다. 연애 해석: 관계에서는 오해, 불안, 말하지 않은 감정이 커질 수 있습니다. 상상으로 결론내리기보다 확인 가능한 대화를 시도하세요. 진로 해석: 일에서는 정보가 불완전하거나 상황이 불투명할 수 있습니다. 중요한 결정은 자료를 더 모은 뒤에 내리는 편이 좋습니다. 조언 생성 참고: 불안이 말하는 것과 현실이 말하는 것을 구분하세요. 지금은 빠른 결론보다 조심스러운 확인이 필요합니다. Yes/No 경향: Maybe. 점성/상징: Pisces."
19,The Sun,Major,,Fire,"Joy, success, vitality, positivity","Temporary sadness, lack of clarity","Happy relationship, joy in love","Career success, recognition",Yes,Sun,https://deckaura.com/blogs/guide/sun-tarot-meaning,"밝은 에너지, 성공, 기쁨, 명확성이 들어오는 카드입니다. 숨겨졌던 것이 환하게 드러나고 자신감 있게 나아갈 수 있습니다.","기쁨이나 성과가 지연되거나, 긍정적인 흐름을 충분히 느끼지 못할 수 있습니다. 작은 성취를 무시하지 않는 태도가 필요합니다.","관계에서는 솔직함, 즐거움, 따뜻한 표현이 관계를 밝게 만듭니다. 함께 있을 때 편안하고 환해지는지가 중요한 기준입니다.","일에서는 성과, 인정, 활력 있는 진행이 기대됩니다. 자신감을 가지고 보여줄수록 좋은 반응을 얻을 수 있습니다.",복잡하게 숨기기보다 밝고 단순하게 표현해 보세요. 지금은 자신을 드러내도 괜찮은 흐름입니다.,"카드명: The Sun. 아르카나: Major. 슈트: None. 원소: Fire. 정방향 해석: 밝은 에너지, 성공, 기쁨, 명확성이 들어오는 카드입니다. 숨겨졌던 것이 환하게 드러나고 자신감 있게 나아갈 수 있습니다. 역방향 해석: 기쁨이나 성과가 지연되거나, 긍정적인 흐름을 충분히 느끼지 못할 수 있습니다. 작은 성취를 무시하지 않는 태도가 필요합니다. 연애 해석: 관계에서는 솔직함, 즐거움, 따뜻한 표현이 관계를 밝게 만듭니다. 함께 있을 때 편안하고 환해지는지가 중요한 기준입니다. 진로 해석: 일에서는 성과, 인정, 활력 있는 진행이 기대됩니다. 자신감을 가지고 보여줄수록 좋은 반응을 얻을 수 있습니다. 조언 생성 참고: 복잡하게 숨기기보다 밝고 단순하게 표현해 보세요. 지금은 자신을 드러내도 괜찮은 흐름입니다. Yes/No 경향: Yes. 점성/상징: Sun."
20,Judgement,Major,,Fire,"Rebirth, reflection, reckoning, absolution","Self-doubt, refusal to learn","Relationship evaluation, second chance","Career calling, important decision",Yes,Pluto,https://deckaura.com/blogs/guide/judgement-tarot-meaning,과거를 돌아보고 새로운 단계로 깨어나는 시기입니다. 미뤄온 선택이나 부름에 응답할 때 더 큰 전환이 일어날 수 있습니다.,"자기비판이나 후회 때문에 앞으로 나아가지 못할 수 있습니다. 배워야 할 것을 배우되, 자신을 계속 심판하는 태도는 내려놓아야 합니다.","관계에서는 과거의 일, 용서, 재평가가 중요합니다. 다시 시작할지 끝낼지보다 그 경험이 무엇을 알려줬는지 보는 것이 먼저입니다.",일에서는 커리어 방향을 재평가하거나 더 의미 있는 역할로 이동하려는 흐름이 있습니다. 자신의 소명을 다시 물어볼 수 있습니다.,과거를 부끄러움으로만 보지 마세요. 지금은 그 경험을 바탕으로 더 깨어 있는 선택을 할 때입니다.,"카드명: Judgement. 아르카나: Major. 슈트: None. 원소: Fire. 정방향 해석: 과거를 돌아보고 새로운 단계로 깨어나는 시기입니다. 미뤄온 선택이나 부름에 응답할 때 더 큰 전환이 일어날 수 있습니다. 역방향 해석: 자기비판이나 후회 때문에 앞으로 나아가지 못할 수 있습니다. 배워야 할 것을 배우되, 자신을 계속 심판하는 태도는 내려놓아야 합니다. 연애 해석: 관계에서는 과거의 일, 용서, 재평가가 중요합니다. 다시 시작할지 끝낼지보다 그 경험이 무엇을 알려줬는지 보는 것이 먼저입니다. 진로 해석: 일에서는 커리어 방향을 재평가하거나 더 의미 있는 역할로 이동하려는 흐름이 있습니다. 자신의 소명을 다시 물어볼 수 있습니다. 조언 생성 참고: 과거를 부끄러움으로만 보지 마세요. 지금은 그 경험을 바탕으로 더 깨어 있는 선택을 할 때입니다. Yes/No 경향: Yes. 점성/상징: Pluto."
21,The World,Major,,Earth,"Completion, accomplishment, travel, wholeness","Incompletion, shortcuts, delays","Fulfilled relationship, soulmate found","Goal achieved, career milestone",Yes,Saturn,https://deckaura.com/blogs/guide/world-tarot-meaning,하나의 주기가 완성되고 성취와 통합의 흐름이 열립니다. 지금까지의 노력이 결실을 맺으며 다음 단계로 넘어갈 준비가 됩니다.,마무리가 부족하거나 완성 직전에 지연이 생길 수 있습니다. 끝까지 정리해야 다음 문이 자연스럽게 열립니다.,"관계에서는 안정감, 성숙한 연결, 함께 완성해가는 느낌이 강합니다. 중요한 단계의 마무리나 새로운 약속으로 이어질 수 있습니다.","일에서는 프로젝트 완성, 목표 달성, 확장, 이동과 연결됩니다. 결과를 정리하고 다음 도약을 준비하기 좋은 시기입니다.",여기까지 온 과정을 인정하세요. 마무리를 제대로 할 때 다음 시작도 더 넓게 열립니다.,"카드명: The World. 아르카나: Major. 슈트: None. 원소: Earth. 정방향 해석: 하나의 주기가 완성되고 성취와 통합의 흐름이 열립니다. 지금까지의 노력이 결실을 맺으며 다음 단계로 넘어갈 준비가 됩니다. 역방향 해석: 마무리가 부족하거나 완성 직전에 지연이 생길 수 있습니다. 끝까지 정리해야 다음 문이 자연스럽게 열립니다. 연애 해석: 관계에서는 안정감, 성숙한 연결, 함께 완성해가는 느낌이 강합니다. 중요한 단계의 마무리나 새로운 약속으로 이어질 수 있습니다. 진로 해석: 일에서는 프로젝트 완성, 목표 달성, 확장, 이동과 연결됩니다. 결과를 정리하고 다음 도약을 준비하기 좋은 시기입니다. 조언 생성 참고: 여기까지 온 과정을 인정하세요. 마무리를 제대로 할 때 다음 시작도 더 넓게 열립니다. Yes/No 경향: Yes. 점성/상징: Saturn."
22,Ace of Wands,Minor,Wands,Fire,"Inspiration, new venture, potential, creation","Delays, lack of motivation, hesitation","Exciting new attraction, passion","New business idea, creative spark",Yes,,https://deckaura.com/blogs/guide/ace-of-wands-tarot-meaning,새로운 열정과 아이디어가 솟아나는 시작점입니다. 아직 작지만 강한 가능성이 있으므로 바로 행동으로 옮길 때 에너지가 커집니다.,의욕은 있지만 방향이 흐릿하거나 시작이 지연될 수 있습니다. 왜 하고 싶은지 동기를 다시 확인해야 합니다.,"관계에서는 강한 끌림, 설렘, 새로운 불씨가 생길 수 있습니다. 다만 열정이 오래갈 구조인지도 함께 살펴야 합니다.","일에서는 새 프로젝트, 창업 아이디어, 창의적인 기회가 나타날 수 있습니다. 작은 실행이 큰 확장으로 이어질 수 있습니다.",떠오른 아이디어를 그냥 흘려보내지 마세요. 지금은 완벽한 계획보다 첫 행동이 중요합니다.,"카드명: Ace of Wands. 아르카나: Minor. 슈트: Wands. 원소: Fire. 정방향 해석: 새로운 열정과 아이디어가 솟아나는 시작점입니다. 아직 작지만 강한 가능성이 있으므로 바로 행동으로 옮길 때 에너지가 커집니다. 역방향 해석: 의욕은 있지만 방향이 흐릿하거나 시작이 지연될 수 있습니다. 왜 하고 싶은지 동기를 다시 확인해야 합니다. 연애 해석: 관계에서는 강한 끌림, 설렘, 새로운 불씨가 생길 수 있습니다. 다만 열정이 오래갈 구조인지도 함께 살펴야 합니다. 진로 해석: 일에서는 새 프로젝트, 창업 아이디어, 창의적인 기회가 나타날 수 있습니다. 작은 실행이 큰 확장으로 이어질 수 있습니다. 조언 생성 참고: 떠오른 아이디어를 그냥 흘려보내지 마세요. 지금은 완벽한 계획보다 첫 행동이 중요합니다. Yes/No 경향: Yes. 점성/상징: None."
23,Two of Wands,Minor,Wands,Fire,"Planning, future vision, decisions, discovery","Fear of unknown, lack of planning","Choosing between partners, planning future","Business planning, expanding horizons",Yes,,https://deckaura.com/blogs/guide/two-of-wands-tarot-meaning,"미래를 바라보며 선택지를 비교하고 계획을 세우는 흐름입니다. 익숙한 곳에 머물지, 더 넓은 가능성으로 나아갈지 결정해야 합니다.",미지의 영역에 대한 두려움 때문에 계획이 좁아질 수 있습니다. 장기적인 시야 없이 즉흥적으로 결정하지 않도록 주의하세요.,"관계에서는 앞으로의 방향을 함께 생각해야 할 때입니다. 설렘보다 현실적인 거리, 목표, 관계의 미래가 중요해질 수 있습니다.","일에서는 확장, 이직, 새로운 시장, 장기 계획과 관련됩니다. 가능성을 넓게 보되 구체적인 실행 계획을 세워야 합니다.",지금은 당장 뛰기보다 지도를 펼쳐야 하는 때입니다. 시야를 넓히고 선택의 기준을 정리하세요.,"카드명: Two of Wands. 아르카나: Minor. 슈트: Wands. 원소: Fire. 정방향 해석: 미래를 바라보며 선택지를 비교하고 계획을 세우는 흐름입니다. 익숙한 곳에 머물지, 더 넓은 가능성으로 나아갈지 결정해야 합니다. 역방향 해석: 미지의 영역에 대한 두려움 때문에 계획이 좁아질 수 있습니다. 장기적인 시야 없이 즉흥적으로 결정하지 않도록 주의하세요. 연애 해석: 관계에서는 앞으로의 방향을 함께 생각해야 할 때입니다. 설렘보다 현실적인 거리, 목표, 관계의 미래가 중요해질 수 있습니다. 진로 해석: 일에서는 확장, 이직, 새로운 시장, 장기 계획과 관련됩니다. 가능성을 넓게 보되 구체적인 실행 계획을 세워야 합니다. 조언 생성 참고: 지금은 당장 뛰기보다 지도를 펼쳐야 하는 때입니다. 시야를 넓히고 선택의 기준을 정리하세요. Yes/No 경향: Yes. 점성/상징: None."
24,Three of Wands,Minor,Wands,Fire,"Expansion, foresight, overseas opportunities","Delays, obstacles, frustration","Long-distance love, growth together","Business expansion, international work",Yes,,https://deckaura.com/blogs/guide/three-of-wands-tarot-meaning,이미 시작한 일이 더 넓은 곳으로 확장될 가능성이 있습니다. 기다림 속에서도 흐름은 움직이고 있으니 멀리 보고 준비하는 태도가 필요합니다.,기대했던 진전이 늦어지거나 외부 장애물이 생길 수 있습니다. 계획을 다시 점검하고 현실적인 경로를 조정해야 합니다.,"관계에서는 한 단계 더 넓은 가능성을 보게 됩니다. 거리나 미래 계획, 함께 성장할 방향이 중요한 주제가 될 수 있습니다.","일에서는 해외, 확장, 협력, 장기 성장과 연결됩니다. 당장의 결과보다 앞으로 열릴 시장과 기회를 보는 것이 좋습니다.",기다림이 헛된 시간은 아닙니다. 다만 기다리면서도 다음 기회를 맞이할 준비를 계속해야 합니다.,"카드명: Three of Wands. 아르카나: Minor. 슈트: Wands. 원소: Fire. 정방향 해석: 이미 시작한 일이 더 넓은 곳으로 확장될 가능성이 있습니다. 기다림 속에서도 흐름은 움직이고 있으니 멀리 보고 준비하는 태도가 필요합니다. 역방향 해석: 기대했던 진전이 늦어지거나 외부 장애물이 생길 수 있습니다. 계획을 다시 점검하고 현실적인 경로를 조정해야 합니다. 연애 해석: 관계에서는 한 단계 더 넓은 가능성을 보게 됩니다. 거리나 미래 계획, 함께 성장할 방향이 중요한 주제가 될 수 있습니다. 진로 해석: 일에서는 해외, 확장, 협력, 장기 성장과 연결됩니다. 당장의 결과보다 앞으로 열릴 시장과 기회를 보는 것이 좋습니다. 조언 생성 참고: 기다림이 헛된 시간은 아닙니다. 다만 기다리면서도 다음 기회를 맞이할 준비를 계속해야 합니다. Yes/No 경향: Yes. 점성/상징: None."
25,Four of Wands,Minor,Wands,Fire,"Celebration, homecoming, harmony, community","Lack of harmony, transition, instability","Engagement, wedding, happy home","Team success, work celebration",Yes,,https://deckaura.com/blogs/guide/four-of-wands-tarot-meaning,"안정, 축하, 귀환, 함께하는 기쁨의 카드입니다. 관계나 일에서 잠시 쉬어가며 성취를 나누기 좋은 흐름입니다.",겉으로는 괜찮아 보여도 내부의 불안정함이나 어색함이 남아 있을 수 있습니다. 안정감을 다시 세우는 과정이 필요합니다.,"관계에서는 편안함, 약속, 함께하는 공간의 안정감이 중요합니다. 만남이 즐거움과 신뢰를 주는지 확인해 보세요.","일에서는 프로젝트의 작은 완성, 팀 분위기 회복, 축하할 만한 성과와 연결됩니다. 함께한 사람들과 성과를 나누면 좋습니다.",성과를 지나치게 빨리 넘기지 마세요. 잠시 멈춰 축하하고 안정감을 확인하는 것도 다음 단계의 힘이 됩니다.,"카드명: Four of Wands. 아르카나: Minor. 슈트: Wands. 원소: Fire. 정방향 해석: 안정, 축하, 귀환, 함께하는 기쁨의 카드입니다. 관계나 일에서 잠시 쉬어가며 성취를 나누기 좋은 흐름입니다. 역방향 해석: 겉으로는 괜찮아 보여도 내부의 불안정함이나 어색함이 남아 있을 수 있습니다. 안정감을 다시 세우는 과정이 필요합니다. 연애 해석: 관계에서는 편안함, 약속, 함께하는 공간의 안정감이 중요합니다. 만남이 즐거움과 신뢰를 주는지 확인해 보세요. 진로 해석: 일에서는 프로젝트의 작은 완성, 팀 분위기 회복, 축하할 만한 성과와 연결됩니다. 함께한 사람들과 성과를 나누면 좋습니다. 조언 생성 참고: 성과를 지나치게 빨리 넘기지 마세요. 잠시 멈춰 축하하고 안정감을 확인하는 것도 다음 단계의 힘이 됩니다. Yes/No 경향: Yes. 점성/상징: None."
26,Five of Wands,Minor,Wands,Fire,"Conflict, competition, tension, disagreement","Avoiding conflict, inner conflict","Arguments, competition for attention","Workplace rivalry, creative differences",No,,https://deckaura.com/blogs/guide/five-of-wands-tarot-meaning,"경쟁과 의견 충돌이 생길 수 있는 흐름입니다. 갈등 자체가 나쁜 것은 아니지만, 목적 없이 에너지를 소모하지 않도록 해야 합니다.",겉으로 드러난 갈등을 피하거나 내면에서만 싸움을 반복할 수 있습니다. 불편한 주제를 건강하게 꺼내는 연습이 필요합니다.,관계에서는 사소한 다툼이나 자존심 싸움이 커질 수 있습니다. 이기려는 대화보다 이해하려는 대화가 필요합니다.,"일에서는 경쟁, 회의 충돌, 팀 내 의견 차이가 나타날 수 있습니다. 기준과 역할을 명확히 하면 에너지를 생산적으로 쓸 수 있습니다.","충돌을 무조건 피하지 말고, 무엇을 위해 싸우는지 분명히 하세요. 목적 있는 논쟁은 성장의 재료가 됩니다.","카드명: Five of Wands. 아르카나: Minor. 슈트: Wands. 원소: Fire. 정방향 해석: 경쟁과 의견 충돌이 생길 수 있는 흐름입니다. 갈등 자체가 나쁜 것은 아니지만, 목적 없이 에너지를 소모하지 않도록 해야 합니다. 역방향 해석: 겉으로 드러난 갈등을 피하거나 내면에서만 싸움을 반복할 수 있습니다. 불편한 주제를 건강하게 꺼내는 연습이 필요합니다. 연애 해석: 관계에서는 사소한 다툼이나 자존심 싸움이 커질 수 있습니다. 이기려는 대화보다 이해하려는 대화가 필요합니다. 진로 해석: 일에서는 경쟁, 회의 충돌, 팀 내 의견 차이가 나타날 수 있습니다. 기준과 역할을 명확히 하면 에너지를 생산적으로 쓸 수 있습니다. 조언 생성 참고: 충돌을 무조건 피하지 말고, 무엇을 위해 싸우는지 분명히 하세요. 목적 있는 논쟁은 성장의 재료가 됩니다. Yes/No 경향: No. 점성/상징: None."
27,Six of Wands,Minor,Wands,Fire,"Victory, recognition, success, public acclaim","Fall from grace, ego, lack of recognition","Public commitment, admired relationship","Promotion, public recognition",Yes,,https://deckaura.com/blogs/guide/six-of-wands-tarot-meaning,노력이 인정받고 승리감을 느낄 수 있는 카드입니다. 자신감을 가지고 성과를 드러내면 주변의 지지와 주목을 받을 수 있습니다.,인정 욕구가 커지거나 기대만큼 박수를 받지 못해 흔들릴 수 있습니다. 외부 평가와 자기 확신의 균형이 필요합니다.,관계에서는 자존감과 인정이 중요한 주제가 됩니다. 서로를 자랑스럽게 여기고 응원하는 관계인지 살펴보세요.,"일에서는 성과 발표, 승진, 합격, 공개적인 인정과 연결됩니다. 다만 자만하지 않고 다음 책임을 준비해야 합니다.",성과를 숨길 필요는 없습니다. 다만 인정받은 뒤에도 겸손하게 다음 걸음을 준비하세요.,"카드명: Six of Wands. 아르카나: Minor. 슈트: Wands. 원소: Fire. 정방향 해석: 노력이 인정받고 승리감을 느낄 수 있는 카드입니다. 자신감을 가지고 성과를 드러내면 주변의 지지와 주목을 받을 수 있습니다. 역방향 해석: 인정 욕구가 커지거나 기대만큼 박수를 받지 못해 흔들릴 수 있습니다. 외부 평가와 자기 확신의 균형이 필요합니다. 연애 해석: 관계에서는 자존감과 인정이 중요한 주제가 됩니다. 서로를 자랑스럽게 여기고 응원하는 관계인지 살펴보세요. 진로 해석: 일에서는 성과 발표, 승진, 합격, 공개적인 인정과 연결됩니다. 다만 자만하지 않고 다음 책임을 준비해야 합니다. 조언 생성 참고: 성과를 숨길 필요는 없습니다. 다만 인정받은 뒤에도 겸손하게 다음 걸음을 준비하세요. Yes/No 경향: Yes. 점성/상징: None."
28,Seven of Wands,Minor,Wands,Fire,"Defensiveness, perseverance, standing ground","Giving up, overwhelmed, exhaustion","Defending your relationship, boundaries","Protecting your position, competition",Maybe,,https://deckaura.com/blogs/guide/seven-of-wands-tarot-meaning,도전과 압박 속에서도 자신의 입장을 지켜야 하는 시기입니다. 불리해 보여도 기준이 분명하다면 버틸 힘이 있습니다.,압박이 커져 지치거나 방어적인 태도가 지나칠 수 있습니다. 모든 싸움에 대응하려 하기보다 중요한 것만 지켜야 합니다.,관계에서는 자신의 경계와 입장을 분명히 해야 할 수 있습니다. 상대에게 맞추기만 하면 균형이 무너질 수 있습니다.,"일에서는 경쟁자나 반대 의견 속에서 자신의 기획, 역할, 성과를 지켜야 할 수 있습니다. 근거를 갖춘 대응이 중요합니다.",모두를 설득하려 애쓰지 마세요. 지금은 내가 지켜야 할 핵심이 무엇인지 먼저 정해야 합니다.,"카드명: Seven of Wands. 아르카나: Minor. 슈트: Wands. 원소: Fire. 정방향 해석: 도전과 압박 속에서도 자신의 입장을 지켜야 하는 시기입니다. 불리해 보여도 기준이 분명하다면 버틸 힘이 있습니다. 역방향 해석: 압박이 커져 지치거나 방어적인 태도가 지나칠 수 있습니다. 모든 싸움에 대응하려 하기보다 중요한 것만 지켜야 합니다. 연애 해석: 관계에서는 자신의 경계와 입장을 분명히 해야 할 수 있습니다. 상대에게 맞추기만 하면 균형이 무너질 수 있습니다. 진로 해석: 일에서는 경쟁자나 반대 의견 속에서 자신의 기획, 역할, 성과를 지켜야 할 수 있습니다. 근거를 갖춘 대응이 중요합니다. 조언 생성 참고: 모두를 설득하려 애쓰지 마세요. 지금은 내가 지켜야 할 핵심이 무엇인지 먼저 정해야 합니다. Yes/No 경향: Maybe. 점성/상징: None."
29,Eight of Wands,Minor,Wands,Fire,"Speed, movement, quick progress, travel","Delays, frustration, waiting","Fast-moving romance, exciting news","Rapid career progress, travel for work",Yes,,https://deckaura.com/blogs/guide/eight-of-wands-tarot-meaning,상황이 빠르게 움직이고 소식이나 변화가 연달아 들어오는 흐름입니다. 기회가 왔을 때 지체하지 않는 민첩함이 중요합니다.,일정이 지연되거나 답답한 기다림이 생길 수 있습니다. 성급하게 밀어붙이면 오히려 꼬일 수 있으니 흐름을 정리해야 합니다.,"관계에서는 연락, 만남, 감정의 진전이 빠르게 일어날 수 있습니다. 속도가 빠를수록 서로의 의도를 확인하는 것이 필요합니다.","일에서는 빠른 진행, 이동, 메시지, 출장, 프로젝트 속도와 연결됩니다. 우선순위를 놓치지 않도록 즉시 정리하세요.","속도가 빨라질수록 중심을 잃지 마세요. 빠르게 움직이되, 무엇이 먼저인지 분명히 해야 합니다.","카드명: Eight of Wands. 아르카나: Minor. 슈트: Wands. 원소: Fire. 정방향 해석: 상황이 빠르게 움직이고 소식이나 변화가 연달아 들어오는 흐름입니다. 기회가 왔을 때 지체하지 않는 민첩함이 중요합니다. 역방향 해석: 일정이 지연되거나 답답한 기다림이 생길 수 있습니다. 성급하게 밀어붙이면 오히려 꼬일 수 있으니 흐름을 정리해야 합니다. 연애 해석: 관계에서는 연락, 만남, 감정의 진전이 빠르게 일어날 수 있습니다. 속도가 빠를수록 서로의 의도를 확인하는 것이 필요합니다. 진로 해석: 일에서는 빠른 진행, 이동, 메시지, 출장, 프로젝트 속도와 연결됩니다. 우선순위를 놓치지 않도록 즉시 정리하세요. 조언 생성 참고: 속도가 빨라질수록 중심을 잃지 마세요. 빠르게 움직이되, 무엇이 먼저인지 분명히 해야 합니다. Yes/No 경향: Yes. 점성/상징: None."
30,Nine of Wands,Minor,Wands,Fire,"Resilience, courage, persistence, last stand","Exhaustion, giving up, overwhelmed","Guarded heart, persisting through tough times","Almost there, don't give up",Maybe,,https://deckaura.com/blogs/guide/nine-of-wands-tarot-meaning,"지쳤지만 아직 포기하지 않은 상태입니다. 과거의 상처 때문에 경계하고 있지만, 마지막 고비를 넘길 힘도 남아 있습니다.",피로가 누적되어 더 버티기 어려울 수 있습니다. 무조건 참기보다 회복과 도움 요청이 필요합니다.,관계에서는 상처로 인해 방어적인 태도가 강해질 수 있습니다. 조심스러움은 필요하지만 마음의 벽이 너무 높아지지 않도록 해야 합니다.,일에서는 긴 프로젝트나 반복된 압박 속에서도 마무리를 향해 가는 흐름입니다. 체력과 정신력을 관리하며 끝까지 가야 합니다.,"버티는 힘을 인정하되, 혼자만 견디려 하지 마세요. 마지막 고비일수록 회복 전략이 필요합니다.","카드명: Nine of Wands. 아르카나: Minor. 슈트: Wands. 원소: Fire. 정방향 해석: 지쳤지만 아직 포기하지 않은 상태입니다. 과거의 상처 때문에 경계하고 있지만, 마지막 고비를 넘길 힘도 남아 있습니다. 역방향 해석: 피로가 누적되어 더 버티기 어려울 수 있습니다. 무조건 참기보다 회복과 도움 요청이 필요합니다. 연애 해석: 관계에서는 상처로 인해 방어적인 태도가 강해질 수 있습니다. 조심스러움은 필요하지만 마음의 벽이 너무 높아지지 않도록 해야 합니다. 진로 해석: 일에서는 긴 프로젝트나 반복된 압박 속에서도 마무리를 향해 가는 흐름입니다. 체력과 정신력을 관리하며 끝까지 가야 합니다. 조언 생성 참고: 버티는 힘을 인정하되, 혼자만 견디려 하지 마세요. 마지막 고비일수록 회복 전략이 필요합니다. Yes/No 경향: Maybe. 점성/상징: None."
31,Ten of Wands,Minor,Wands,Fire,"Burden, responsibility, hard work, stress","Delegation, release, breakdown",Carrying relationship burden alone,"Overworked, need to delegate",No,,https://deckaura.com/blogs/guide/ten-of-wands-tarot-meaning,책임과 부담이 너무 많아진 상태입니다. 목표에 가까워졌지만 혼자 짊어진 무게가 삶의 균형을 압박할 수 있습니다.,짐을 내려놓거나 위임해야 할 때입니다. 한계가 왔는데도 계속 참으면 무너질 수 있습니다.,관계에서는 한쪽이 너무 많은 책임을 지고 있을 수 있습니다. 사랑이 의무감으로만 느껴지지 않도록 역할을 나눠야 합니다.,"일에서는 과로, 책임 과중, 마감 압박과 연결됩니다. 모두 직접 해결하려 하기보다 우선순위와 위임이 필요합니다.","무거운 짐을 들고 있다는 사실부터 인정하세요. 책임감은 좋지만, 전부 혼자 들 필요는 없습니다.","카드명: Ten of Wands. 아르카나: Minor. 슈트: Wands. 원소: Fire. 정방향 해석: 책임과 부담이 너무 많아진 상태입니다. 목표에 가까워졌지만 혼자 짊어진 무게가 삶의 균형을 압박할 수 있습니다. 역방향 해석: 짐을 내려놓거나 위임해야 할 때입니다. 한계가 왔는데도 계속 참으면 무너질 수 있습니다. 연애 해석: 관계에서는 한쪽이 너무 많은 책임을 지고 있을 수 있습니다. 사랑이 의무감으로만 느껴지지 않도록 역할을 나눠야 합니다. 진로 해석: 일에서는 과로, 책임 과중, 마감 압박과 연결됩니다. 모두 직접 해결하려 하기보다 우선순위와 위임이 필요합니다. 조언 생성 참고: 무거운 짐을 들고 있다는 사실부터 인정하세요. 책임감은 좋지만, 전부 혼자 들 필요는 없습니다. Yes/No 경향: No. 점성/상징: None."
32,Page of Wands,Minor,Wands,Fire,"Enthusiasm, exploration, discovery, free spirit","Lack of direction, setbacks, procrastination","Exciting new crush, flirtatious energy","New creative project, learning opportunity",Yes,,https://deckaura.com/blogs/guide/page-of-wands-tarot-meaning,새로운 가능성을 탐색하고 싶은 호기심이 강해지는 카드입니다. 아직 미숙해도 열정과 실험정신이 다음 길을 열어 줍니다.,흥미는 있지만 방향이 정리되지 않아 시작이 반복적으로 미뤄질 수 있습니다. 작고 구체적인 목표가 필요합니다.,"관계에서는 가볍고 설레는 대화, 호기심, 새로운 만남의 분위기가 있습니다. 다만 감정의 깊이를 서두르지 않는 것이 좋습니다.","일에서는 새로운 아이디어, 배움, 사이드 프로젝트, 탐색 단계와 연결됩니다. 경험을 쌓으며 방향을 발견할 수 있습니다.",처음부터 완성된 모습을 기대하지 마세요. 지금은 탐색하고 시도하며 나의 불씨를 찾는 때입니다.,"카드명: Page of Wands. 아르카나: Minor. 슈트: Wands. 원소: Fire. 정방향 해석: 새로운 가능성을 탐색하고 싶은 호기심이 강해지는 카드입니다. 아직 미숙해도 열정과 실험정신이 다음 길을 열어 줍니다. 역방향 해석: 흥미는 있지만 방향이 정리되지 않아 시작이 반복적으로 미뤄질 수 있습니다. 작고 구체적인 목표가 필요합니다. 연애 해석: 관계에서는 가볍고 설레는 대화, 호기심, 새로운 만남의 분위기가 있습니다. 다만 감정의 깊이를 서두르지 않는 것이 좋습니다. 진로 해석: 일에서는 새로운 아이디어, 배움, 사이드 프로젝트, 탐색 단계와 연결됩니다. 경험을 쌓으며 방향을 발견할 수 있습니다. 조언 생성 참고: 처음부터 완성된 모습을 기대하지 마세요. 지금은 탐색하고 시도하며 나의 불씨를 찾는 때입니다. Yes/No 경향: Yes. 점성/상징: None."
33,Knight of Wands,Minor,Wands,Fire,"Energy, passion, adventure, impulsiveness","Haste, scattered energy, delays",Passionate but short-lived romance,"Quick action, travel for career",Yes,,https://deckaura.com/blogs/guide/knight-of-wands-tarot-meaning,강한 열정과 행동력이 상황을 빠르게 밀고 나갑니다. 도전과 모험에 유리하지만 충동적인 판단은 조심해야 합니다.,에너지가 흩어지거나 성급함 때문에 실수가 생길 수 있습니다. 시작은 빠르지만 지속력이 약해지지 않도록 관리해야 합니다.,관계에서는 뜨거운 끌림과 빠른 전개가 나타날 수 있습니다. 하지만 순간의 열정보다 책임 있는 태도가 오래갑니다.,"일에서는 추진력, 도전, 이동, 빠른 실행이 강조됩니다. 다만 계획 없이 돌진하면 중간에 방향을 잃을 수 있습니다.","열정은 좋은 연료지만 운전대가 필요합니다. 지금 움직이되, 속도보다 방향을 먼저 확인하세요.","카드명: Knight of Wands. 아르카나: Minor. 슈트: Wands. 원소: Fire. 정방향 해석: 강한 열정과 행동력이 상황을 빠르게 밀고 나갑니다. 도전과 모험에 유리하지만 충동적인 판단은 조심해야 합니다. 역방향 해석: 에너지가 흩어지거나 성급함 때문에 실수가 생길 수 있습니다. 시작은 빠르지만 지속력이 약해지지 않도록 관리해야 합니다. 연애 해석: 관계에서는 뜨거운 끌림과 빠른 전개가 나타날 수 있습니다. 하지만 순간의 열정보다 책임 있는 태도가 오래갑니다. 진로 해석: 일에서는 추진력, 도전, 이동, 빠른 실행이 강조됩니다. 다만 계획 없이 돌진하면 중간에 방향을 잃을 수 있습니다. 조언 생성 참고: 열정은 좋은 연료지만 운전대가 필요합니다. 지금 움직이되, 속도보다 방향을 먼저 확인하세요. Yes/No 경향: Yes. 점성/상징: None."
34,Queen of Wands,Minor,Wands,Fire,"Confidence, determination, joy, vibrancy","Selfishness, jealousy, demanding","Charismatic partner, warm love","Leadership, confident business woman",Yes,,https://deckaura.com/blogs/guide/queen-of-wands-tarot-meaning,"자신감, 매력, 활력으로 주변에 긍정적인 영향을 줄 수 있는 카드입니다. 자기답게 빛날 때 사람과 기회가 따라옵니다.","자기 의심, 질투, 인정 욕구가 커질 수 있습니다. 타인과 비교하기보다 자신의 에너지를 회복하는 것이 필요합니다.",관계에서는 솔직한 매력과 주도적인 표현이 도움이 됩니다. 다만 상대를 시험하거나 자존심 싸움으로 끌고 가지 않도록 주의하세요.,"일에서는 리더십, 창의성, 대중 앞에서의 표현력이 강해집니다. 자신 있게 제안하고 움직이면 좋은 반응을 얻을 수 있습니다.","숨지 말고 당신의 온도를 보여주세요. 단, 자신감이 상대를 누르는 방식이 되지 않게 균형을 잡으세요.","카드명: Queen of Wands. 아르카나: Minor. 슈트: Wands. 원소: Fire. 정방향 해석: 자신감, 매력, 활력으로 주변에 긍정적인 영향을 줄 수 있는 카드입니다. 자기답게 빛날 때 사람과 기회가 따라옵니다. 역방향 해석: 자기 의심, 질투, 인정 욕구가 커질 수 있습니다. 타인과 비교하기보다 자신의 에너지를 회복하는 것이 필요합니다. 연애 해석: 관계에서는 솔직한 매력과 주도적인 표현이 도움이 됩니다. 다만 상대를 시험하거나 자존심 싸움으로 끌고 가지 않도록 주의하세요. 진로 해석: 일에서는 리더십, 창의성, 대중 앞에서의 표현력이 강해집니다. 자신 있게 제안하고 움직이면 좋은 반응을 얻을 수 있습니다. 조언 생성 참고: 숨지 말고 당신의 온도를 보여주세요. 단, 자신감이 상대를 누르는 방식이 되지 않게 균형을 잡으세요. Yes/No 경향: Yes. 점성/상징: None."
35,King of Wands,Minor,Wands,Fire,"Leadership, vision, entrepreneur, honor","Impulsiveness, overbearing, vicious","Bold romantic gestures, passionate partner","Business leader, bold decisions",Yes,,https://deckaura.com/blogs/guide/king-of-wands-tarot-meaning,큰 비전과 리더십으로 사람들을 이끄는 흐름입니다. 단기 성과보다 장기 방향을 제시할 때 영향력이 커집니다.,강한 의지가 독단이나 성급함으로 흐를 수 있습니다. 비전은 좋지만 타인의 의견을 듣지 않으면 균형이 깨집니다.,"관계에서는 주도성과 책임감이 중요합니다. 상대를 이끄는 태도는 좋지만, 함께 결정하는 여지를 남겨야 합니다.","일에서는 창업, 리더십, 큰 프로젝트, 전략적 판단과 연결됩니다. 명확한 비전과 실행력이 성과를 만듭니다.","크게 보는 눈을 믿되, 혼자 모든 것을 결정하지 마세요. 좋은 리더십은 방향과 신뢰를 함께 줍니다.","카드명: King of Wands. 아르카나: Minor. 슈트: Wands. 원소: Fire. 정방향 해석: 큰 비전과 리더십으로 사람들을 이끄는 흐름입니다. 단기 성과보다 장기 방향을 제시할 때 영향력이 커집니다. 역방향 해석: 강한 의지가 독단이나 성급함으로 흐를 수 있습니다. 비전은 좋지만 타인의 의견을 듣지 않으면 균형이 깨집니다. 연애 해석: 관계에서는 주도성과 책임감이 중요합니다. 상대를 이끄는 태도는 좋지만, 함께 결정하는 여지를 남겨야 합니다. 진로 해석: 일에서는 창업, 리더십, 큰 프로젝트, 전략적 판단과 연결됩니다. 명확한 비전과 실행력이 성과를 만듭니다. 조언 생성 참고: 크게 보는 눈을 믿되, 혼자 모든 것을 결정하지 마세요. 좋은 리더십은 방향과 신뢰를 함께 줍니다. Yes/No 경향: Yes. 점성/상징: None."
36,Ace of Cups,Minor,Cups,Water,"New love, emotional beginning, compassion","Emotional loss, blocked feelings, emptiness","New relationship, deep emotional connection","Creative fulfillment, emotional satisfaction",Yes,,https://deckaura.com/blogs/guide/ace-of-cups-tarot-meaning,"새로운 감정, 사랑, 공감, 치유의 흐름이 열립니다. 마음이 부드러워지고 누군가와 연결될 준비가 되는 시기입니다.",감정을 억누르거나 마음이 비어 있다고 느낄 수 있습니다. 먼저 자신의 감정을 돌보고 회복할 시간이 필요합니다.,"관계에서는 새로운 사랑, 고백, 감정의 시작을 의미합니다. 마음을 열되, 자신을 잃지 않는 선에서 받아들이세요.",일에서는 창의성과 감성적 만족이 중요한 기회가 생길 수 있습니다. 사람을 돕거나 마음을 담는 일이 좋은 흐름을 만듭니다.,마음이 움직이는 방향을 무시하지 마세요. 작은 감정의 시작도 소중히 다루면 깊은 흐름이 됩니다.,"카드명: Ace of Cups. 아르카나: Minor. 슈트: Cups. 원소: Water. 정방향 해석: 새로운 감정, 사랑, 공감, 치유의 흐름이 열립니다. 마음이 부드러워지고 누군가와 연결될 준비가 되는 시기입니다. 역방향 해석: 감정을 억누르거나 마음이 비어 있다고 느낄 수 있습니다. 먼저 자신의 감정을 돌보고 회복할 시간이 필요합니다. 연애 해석: 관계에서는 새로운 사랑, 고백, 감정의 시작을 의미합니다. 마음을 열되, 자신을 잃지 않는 선에서 받아들이세요. 진로 해석: 일에서는 창의성과 감성적 만족이 중요한 기회가 생길 수 있습니다. 사람을 돕거나 마음을 담는 일이 좋은 흐름을 만듭니다. 조언 생성 참고: 마음이 움직이는 방향을 무시하지 마세요. 작은 감정의 시작도 소중히 다루면 깊은 흐름이 됩니다. Yes/No 경향: Yes. 점성/상징: None."
37,Two of Cups,Minor,Cups,Water,"Partnership, mutual attraction, unity","Breakup, imbalance, disharmony","Mutual love, equal partnership","Business partnership, collaboration",Yes,,https://deckaura.com/blogs/guide/two-of-cups-tarot-meaning,서로를 마주 보고 마음을 나눌 수 있는 조화로운 관계의 카드입니다. 상호 존중과 균형 있는 교환이 관계를 깊게 만듭니다.,관계의 균형이 깨지거나 서로의 기대가 어긋날 수 있습니다. 마음이 같다고 가정하지 말고 대화를 통해 확인해야 합니다.,"연애에서는 호감, 화해, 깊은 교감, 관계의 시작이나 회복을 나타냅니다. 서로가 같은 방향을 보고 있는지 확인하면 좋습니다.","일에서는 좋은 파트너십, 협업, 신뢰 기반의 계약과 연결됩니다. 혼자보다 함께할 때 더 좋은 결과가 나옵니다.",관계의 핵심은 주고받는 균형입니다. 상대의 마음뿐 아니라 나의 마음도 같은 무게로 존중하세요.,"카드명: Two of Cups. 아르카나: Minor. 슈트: Cups. 원소: Water. 정방향 해석: 서로를 마주 보고 마음을 나눌 수 있는 조화로운 관계의 카드입니다. 상호 존중과 균형 있는 교환이 관계를 깊게 만듭니다. 역방향 해석: 관계의 균형이 깨지거나 서로의 기대가 어긋날 수 있습니다. 마음이 같다고 가정하지 말고 대화를 통해 확인해야 합니다. 연애 해석: 연애에서는 호감, 화해, 깊은 교감, 관계의 시작이나 회복을 나타냅니다. 서로가 같은 방향을 보고 있는지 확인하면 좋습니다. 진로 해석: 일에서는 좋은 파트너십, 협업, 신뢰 기반의 계약과 연결됩니다. 혼자보다 함께할 때 더 좋은 결과가 나옵니다. 조언 생성 참고: 관계의 핵심은 주고받는 균형입니다. 상대의 마음뿐 아니라 나의 마음도 같은 무게로 존중하세요. Yes/No 경향: Yes. 점성/상징: None."
38,Three of Cups,Minor,Cups,Water,"Celebration, friendship, joy, community","Overindulgence, gossip, isolation","Social love, friends becoming lovers","Team celebration, networking success",Yes,,https://deckaura.com/blogs/guide/three-of-cups-tarot-meaning,"친구, 공동체, 축하, 즐거운 만남의 에너지가 강합니다. 혼자 끙끙대기보다 사람들과 나누면 마음이 가벼워집니다.","과한 사교, 소문, 소외감, 관계 피로가 생길 수 있습니다. 함께 있는 시간이 진짜 힘이 되는지 살펴야 합니다.","관계에서는 즐거운 만남과 소개, 친구 같은 편안함이 중요합니다. 다만 제3자의 영향이나 가벼운 분위기가 문제 되지 않도록 주의하세요.","일에서는 팀워크, 행사, 공동 프로젝트, 네트워킹이 좋은 흐름을 만듭니다. 사람들과의 연결이 기회가 됩니다.","좋은 사람들과 기쁨을 나누세요. 단, 모든 관계에 에너지를 쓰기보다 마음이 편안한 연결을 선택하세요.","카드명: Three of Cups. 아르카나: Minor. 슈트: Cups. 원소: Water. 정방향 해석: 친구, 공동체, 축하, 즐거운 만남의 에너지가 강합니다. 혼자 끙끙대기보다 사람들과 나누면 마음이 가벼워집니다. 역방향 해석: 과한 사교, 소문, 소외감, 관계 피로가 생길 수 있습니다. 함께 있는 시간이 진짜 힘이 되는지 살펴야 합니다. 연애 해석: 관계에서는 즐거운 만남과 소개, 친구 같은 편안함이 중요합니다. 다만 제3자의 영향이나 가벼운 분위기가 문제 되지 않도록 주의하세요. 진로 해석: 일에서는 팀워크, 행사, 공동 프로젝트, 네트워킹이 좋은 흐름을 만듭니다. 사람들과의 연결이 기회가 됩니다. 조언 생성 참고: 좋은 사람들과 기쁨을 나누세요. 단, 모든 관계에 에너지를 쓰기보다 마음이 편안한 연결을 선택하세요. Yes/No 경향: Yes. 점성/상징: None."
39,Four of Cups,Minor,Cups,Water,"Apathy, contemplation, missed opportunities","Awareness, acceptance, motivation returning","Taking love for granted, emotional boredom","Disengagement, overlooking opportunity",No,,https://deckaura.com/blogs/guide/four-of-cups-tarot-meaning,마음이 쉽게 움직이지 않고 권태나 무관심을 느낄 수 있습니다. 그러나 눈앞의 기회를 놓치고 있는지 조용히 살펴볼 필요가 있습니다.,닫혀 있던 마음이 다시 열리고 새로운 가능성을 받아들일 준비가 됩니다. 무기력에서 조금씩 벗어나는 흐름입니다.,관계에서는 감정이 식었거나 상대의 제안을 충분히 보지 못할 수 있습니다. 익숙함 때문에 소중한 것을 놓치지 않는지 확인하세요.,일에서는 지루함이나 동기 저하가 있을 수 있습니다. 새로운 제안이나 작은 변화가 다시 흥미를 살릴 수 있습니다.,아무것도 느끼지 못한다고 해서 답이 없는 것은 아닙니다. 잠시 멈춰 무엇이 마음을 닫게 했는지 살펴보세요.,카드명: Four of Cups. 아르카나: Minor. 슈트: Cups. 원소: Water. 정방향 해석: 마음이 쉽게 움직이지 않고 권태나 무관심을 느낄 수 있습니다. 그러나 눈앞의 기회를 놓치고 있는지 조용히 살펴볼 필요가 있습니다. 역방향 해석: 닫혀 있던 마음이 다시 열리고 새로운 가능성을 받아들일 준비가 됩니다. 무기력에서 조금씩 벗어나는 흐름입니다. 연애 해석: 관계에서는 감정이 식었거나 상대의 제안을 충분히 보지 못할 수 있습니다. 익숙함 때문에 소중한 것을 놓치지 않는지 확인하세요. 진로 해석: 일에서는 지루함이나 동기 저하가 있을 수 있습니다. 새로운 제안이나 작은 변화가 다시 흥미를 살릴 수 있습니다. 조언 생성 참고: 아무것도 느끼지 못한다고 해서 답이 없는 것은 아닙니다. 잠시 멈춰 무엇이 마음을 닫게 했는지 살펴보세요. Yes/No 경향: No. 점성/상징: None.
40,Five of Cups,Minor,Cups,Water,"Loss, grief, regret, disappointment","Acceptance, moving on, finding peace","Heartbreak, mourning lost love","Career disappointment, focusing on loss",No,,https://deckaura.com/blogs/guide/five-of-cups-tarot-meaning,"상실감과 후회가 앞에 놓인 카드입니다. 잃은 것에 마음이 머물러 있지만, 아직 남아 있는 가능성도 함께 존재합니다.",상처를 받아들이고 조금씩 앞으로 나아갈 수 있습니다. 과거를 완전히 지우기보다 그 경험을 품고 회복하는 흐름입니다.,"관계에서는 실망, 후회, 이별의 감정이 강할 수 있습니다. 하지만 끝난 것만 보지 말고 아직 회복 가능한 부분도 살펴야 합니다.",일에서는 실패나 기대 이하의 결과로 낙담할 수 있습니다. 남은 자원과 다음 선택지를 정리하는 것이 중요합니다.,"잃은 것만 바라보면 남은 길이 보이지 않습니다. 슬픔을 인정하되, 아직 남아 있는 두 잔을 확인하세요.","카드명: Five of Cups. 아르카나: Minor. 슈트: Cups. 원소: Water. 정방향 해석: 상실감과 후회가 앞에 놓인 카드입니다. 잃은 것에 마음이 머물러 있지만, 아직 남아 있는 가능성도 함께 존재합니다. 역방향 해석: 상처를 받아들이고 조금씩 앞으로 나아갈 수 있습니다. 과거를 완전히 지우기보다 그 경험을 품고 회복하는 흐름입니다. 연애 해석: 관계에서는 실망, 후회, 이별의 감정이 강할 수 있습니다. 하지만 끝난 것만 보지 말고 아직 회복 가능한 부분도 살펴야 합니다. 진로 해석: 일에서는 실패나 기대 이하의 결과로 낙담할 수 있습니다. 남은 자원과 다음 선택지를 정리하는 것이 중요합니다. 조언 생성 참고: 잃은 것만 바라보면 남은 길이 보이지 않습니다. 슬픔을 인정하되, 아직 남아 있는 두 잔을 확인하세요. Yes/No 경향: No. 점성/상징: None."
41,Six of Cups,Minor,Cups,Water,"Nostalgia, childhood, innocence, reunion","Moving forward, leaving the past","Reconnecting with ex, childhood sweetheart","Past career returning, nostalgia",Yes,,https://deckaura.com/blogs/guide/six-of-cups-tarot-meaning,"추억, 순수함, 과거의 인연이 현재에 영향을 주는 카드입니다. 따뜻한 기억이 위로가 되지만, 현실과 균형을 맞춰야 합니다.",과거에 머무르기보다 앞으로 나아가야 할 때입니다. 익숙함이 안전하게 느껴져도 성장에는 새로운 선택이 필요합니다.,"관계에서는 재회, 오래된 인연, 편안한 감정이 떠오를 수 있습니다. 다만 추억이 현재의 문제를 덮고 있지 않은지 살펴야 합니다.","일에서는 예전의 경험, 배운 것, 어린 시절의 관심사가 힌트가 될 수 있습니다. 과거의 장점을 현재 방식으로 다시 활용해 보세요.",과거는 좋은 참고 자료지만 목적지는 아닙니다. 따뜻한 기억을 힘으로 삼되 현재의 나를 기준으로 선택하세요.,"카드명: Six of Cups. 아르카나: Minor. 슈트: Cups. 원소: Water. 정방향 해석: 추억, 순수함, 과거의 인연이 현재에 영향을 주는 카드입니다. 따뜻한 기억이 위로가 되지만, 현실과 균형을 맞춰야 합니다. 역방향 해석: 과거에 머무르기보다 앞으로 나아가야 할 때입니다. 익숙함이 안전하게 느껴져도 성장에는 새로운 선택이 필요합니다. 연애 해석: 관계에서는 재회, 오래된 인연, 편안한 감정이 떠오를 수 있습니다. 다만 추억이 현재의 문제를 덮고 있지 않은지 살펴야 합니다. 진로 해석: 일에서는 예전의 경험, 배운 것, 어린 시절의 관심사가 힌트가 될 수 있습니다. 과거의 장점을 현재 방식으로 다시 활용해 보세요. 조언 생성 참고: 과거는 좋은 참고 자료지만 목적지는 아닙니다. 따뜻한 기억을 힘으로 삼되 현재의 나를 기준으로 선택하세요. Yes/No 경향: Yes. 점성/상징: None."
42,Seven of Cups,Minor,Cups,Water,"Fantasy, illusion, choices, wishful thinking","Clarity, focus, making a decision",Unrealistic expectations in love,"Too many options, need to focus",Maybe,,https://deckaura.com/blogs/guide/seven-of-cups-tarot-meaning,선택지가 많고 상상력이 커지는 흐름입니다. 가능성이 많을수록 환상과 현실을 구분하는 기준이 필요합니다.,흩어져 있던 선택지가 정리되고 현실적인 판단이 가능해집니다. 이제는 꿈을 줄이고 하나를 고를 때입니다.,"관계에서는 이상화, 여러 가능성, 애매한 선택이 나타날 수 있습니다. 상대를 있는 그대로 보고 있는지 확인해야 합니다.",일에서는 다양한 기회와 아이디어가 많지만 집중이 부족할 수 있습니다. 가장 실행 가능한 선택부터 좁혀야 합니다.,모든 가능성을 다 잡을 수는 없습니다. 지금은 가장 현실적이고 진심에 가까운 하나를 선택할 때입니다.,"카드명: Seven of Cups. 아르카나: Minor. 슈트: Cups. 원소: Water. 정방향 해석: 선택지가 많고 상상력이 커지는 흐름입니다. 가능성이 많을수록 환상과 현실을 구분하는 기준이 필요합니다. 역방향 해석: 흩어져 있던 선택지가 정리되고 현실적인 판단이 가능해집니다. 이제는 꿈을 줄이고 하나를 고를 때입니다. 연애 해석: 관계에서는 이상화, 여러 가능성, 애매한 선택이 나타날 수 있습니다. 상대를 있는 그대로 보고 있는지 확인해야 합니다. 진로 해석: 일에서는 다양한 기회와 아이디어가 많지만 집중이 부족할 수 있습니다. 가장 실행 가능한 선택부터 좁혀야 합니다. 조언 생성 참고: 모든 가능성을 다 잡을 수는 없습니다. 지금은 가장 현실적이고 진심에 가까운 하나를 선택할 때입니다. Yes/No 경향: Maybe. 점성/상징: None."
43,Eight of Cups,Minor,Cups,Water,"Walking away, searching for meaning, withdrawal","Fear of change, stagnation, clinging",Leaving unfulfilling relationship,Quitting job to find purpose,Maybe,,https://deckaura.com/blogs/guide/eight-of-cups-tarot-meaning,겉으로는 괜찮아 보여도 마음 깊은 곳에서는 더 의미 있는 것을 찾아 떠나려는 흐름입니다. 익숙한 것을 남겨두고 내면의 길을 선택할 수 있습니다.,떠나야 한다는 것을 알면서도 미련이나 두려움 때문에 붙잡고 있을 수 있습니다. 혹은 너무 빨리 포기하지 않았는지 확인이 필요합니다.,관계에서는 감정적으로 멀어지거나 더 깊은 의미를 찾고 싶어질 수 있습니다. 남을지 떠날지보다 내 마음이 어디에 있는지 먼저 보세요.,일에서는 의미 없는 반복에서 벗어나고 싶은 마음이 커질 수 있습니다. 더 나은 방향을 찾기 위한 이동이나 탐색이 필요합니다.,만족스럽지 않은 것을 계속 유지하는 이유를 물어보세요. 떠남은 도망이 아니라 더 진실한 길을 찾는 과정일 수 있습니다.,카드명: Eight of Cups. 아르카나: Minor. 슈트: Cups. 원소: Water. 정방향 해석: 겉으로는 괜찮아 보여도 마음 깊은 곳에서는 더 의미 있는 것을 찾아 떠나려는 흐름입니다. 익숙한 것을 남겨두고 내면의 길을 선택할 수 있습니다. 역방향 해석: 떠나야 한다는 것을 알면서도 미련이나 두려움 때문에 붙잡고 있을 수 있습니다. 혹은 너무 빨리 포기하지 않았는지 확인이 필요합니다. 연애 해석: 관계에서는 감정적으로 멀어지거나 더 깊은 의미를 찾고 싶어질 수 있습니다. 남을지 떠날지보다 내 마음이 어디에 있는지 먼저 보세요. 진로 해석: 일에서는 의미 없는 반복에서 벗어나고 싶은 마음이 커질 수 있습니다. 더 나은 방향을 찾기 위한 이동이나 탐색이 필요합니다. 조언 생성 참고: 만족스럽지 않은 것을 계속 유지하는 이유를 물어보세요. 떠남은 도망이 아니라 더 진실한 길을 찾는 과정일 수 있습니다. Yes/No 경향: Maybe. 점성/상징: None.
44,Nine of Cups,Minor,Cups,Water,"Wish fulfillment, satisfaction, contentment","Dissatisfaction, greed, unfulfillment",Relationship wishes coming true,"Career satisfaction, goals achieved",Yes,,https://deckaura.com/blogs/guide/nine-of-cups-tarot-meaning,소원이 이루어지거나 만족감을 느낄 수 있는 카드입니다. 내가 원하는 것을 인정하고 그것을 누릴 자격이 있음을 받아들이는 흐름입니다.,겉으로는 충분해 보여도 마음속 공허함이 남아 있을 수 있습니다. 욕심과 진짜 만족을 구분해야 합니다.,"관계에서는 기쁨과 만족, 원하는 감정의 충족이 나타날 수 있습니다. 다만 나만의 만족이 아니라 서로의 만족인지도 살펴야 합니다.","일에서는 목표 달성, 보상, 개인적인 성취와 연결됩니다. 성과를 즐기되 다음 욕심에 바로 쫓기지 마세요.",지금 가진 만족을 제대로 느껴보세요. 더 원하기 전에 이미 이루어진 것을 인정하는 것도 필요합니다.,"카드명: Nine of Cups. 아르카나: Minor. 슈트: Cups. 원소: Water. 정방향 해석: 소원이 이루어지거나 만족감을 느낄 수 있는 카드입니다. 내가 원하는 것을 인정하고 그것을 누릴 자격이 있음을 받아들이는 흐름입니다. 역방향 해석: 겉으로는 충분해 보여도 마음속 공허함이 남아 있을 수 있습니다. 욕심과 진짜 만족을 구분해야 합니다. 연애 해석: 관계에서는 기쁨과 만족, 원하는 감정의 충족이 나타날 수 있습니다. 다만 나만의 만족이 아니라 서로의 만족인지도 살펴야 합니다. 진로 해석: 일에서는 목표 달성, 보상, 개인적인 성취와 연결됩니다. 성과를 즐기되 다음 욕심에 바로 쫓기지 마세요. 조언 생성 참고: 지금 가진 만족을 제대로 느껴보세요. 더 원하기 전에 이미 이루어진 것을 인정하는 것도 필요합니다. Yes/No 경향: Yes. 점성/상징: None."
45,Ten of Cups,Minor,Cups,Water,"Happiness, harmony, family, emotional fulfillment","Broken home, disharmony, misalignment","Happy marriage, family bliss","Dream career, work-life harmony",Yes,,https://deckaura.com/blogs/guide/ten-of-cups-tarot-meaning,"정서적 완성, 가족, 안정된 행복을 상징합니다. 마음이 편안한 관계와 공동체 속에서 충만함을 느낄 수 있습니다.","겉보기의 행복과 실제 마음이 다를 수 있습니다. 관계 안의 기대, 가족 문제, 가치관 차이를 솔직히 살펴야 합니다.","관계에서는 장기적인 안정, 가족 같은 편안함, 함께 그리는 미래가 중요합니다. 서로의 행복한 그림이 비슷한지 확인하세요.","일에서는 팀의 만족, 안정적인 환경, 일과 삶의 조화가 중요합니다. 성공의 기준을 돈뿐 아니라 정서적 충만함까지 넓혀 보세요.",행복은 혼자만의 성취가 아니라 함께 편안해지는 감각일 수 있습니다. 내가 바라는 삶의 그림을 구체적으로 떠올려 보세요.,"카드명: Ten of Cups. 아르카나: Minor. 슈트: Cups. 원소: Water. 정방향 해석: 정서적 완성, 가족, 안정된 행복을 상징합니다. 마음이 편안한 관계와 공동체 속에서 충만함을 느낄 수 있습니다. 역방향 해석: 겉보기의 행복과 실제 마음이 다를 수 있습니다. 관계 안의 기대, 가족 문제, 가치관 차이를 솔직히 살펴야 합니다. 연애 해석: 관계에서는 장기적인 안정, 가족 같은 편안함, 함께 그리는 미래가 중요합니다. 서로의 행복한 그림이 비슷한지 확인하세요. 진로 해석: 일에서는 팀의 만족, 안정적인 환경, 일과 삶의 조화가 중요합니다. 성공의 기준을 돈뿐 아니라 정서적 충만함까지 넓혀 보세요. 조언 생성 참고: 행복은 혼자만의 성취가 아니라 함께 편안해지는 감각일 수 있습니다. 내가 바라는 삶의 그림을 구체적으로 떠올려 보세요. Yes/No 경향: Yes. 점성/상징: None."
46,Page of Cups,Minor,Cups,Water,"Creative message, intuition, inner child","Emotional immaturity, creative block","Sweet romantic gesture, new love message","Creative opportunity, artistic pursuit",Yes,,https://deckaura.com/blogs/guide/page-of-cups-tarot-meaning,"부드러운 감정, 창의적인 메시지, 뜻밖의 감성적 신호가 들어오는 카드입니다. 마음의 작은 목소리에 귀 기울이기 좋습니다.",감정이 미숙하게 표현되거나 창의성이 막힐 수 있습니다. 상처받기 두려워 마음을 숨기고 있지 않은지 살펴보세요.,"관계에서는 고백, 귀여운 호감, 감성적인 대화가 나타날 수 있습니다. 서툴더라도 진심을 부드럽게 표현하는 것이 중요합니다.","일에서는 창의적인 아이디어, 감성적 기획, 새로운 배움이 도움이 됩니다. 완성도보다 신선한 시도를 허용해 보세요.",서툰 감정도 소중한 메시지입니다. 너무 빨리 판단하지 말고 마음이 건네는 작은 신호를 받아보세요.,"카드명: Page of Cups. 아르카나: Minor. 슈트: Cups. 원소: Water. 정방향 해석: 부드러운 감정, 창의적인 메시지, 뜻밖의 감성적 신호가 들어오는 카드입니다. 마음의 작은 목소리에 귀 기울이기 좋습니다. 역방향 해석: 감정이 미숙하게 표현되거나 창의성이 막힐 수 있습니다. 상처받기 두려워 마음을 숨기고 있지 않은지 살펴보세요. 연애 해석: 관계에서는 고백, 귀여운 호감, 감성적인 대화가 나타날 수 있습니다. 서툴더라도 진심을 부드럽게 표현하는 것이 중요합니다. 진로 해석: 일에서는 창의적인 아이디어, 감성적 기획, 새로운 배움이 도움이 됩니다. 완성도보다 신선한 시도를 허용해 보세요. 조언 생성 참고: 서툰 감정도 소중한 메시지입니다. 너무 빨리 판단하지 말고 마음이 건네는 작은 신호를 받아보세요. Yes/No 경향: Yes. 점성/상징: None."
47,Knight of Cups,Minor,Cups,Water,"Romance, charm, imagination, beauty","Moodiness, unrealistic, jealousy","Romantic proposal, charming partner","Following creative passion, artistic career",Yes,,https://deckaura.com/blogs/guide/knight-of-cups-tarot-meaning,"로맨틱한 제안, 이상, 아름다움과 감성의 흐름이 강합니다. 마음이 이끄는 방향으로 부드럽게 다가갈 수 있습니다.",감정 기복이나 비현실적인 기대가 문제를 만들 수 있습니다. 이상적인 그림보다 실제 행동과 책임을 확인해야 합니다.,"관계에서는 고백, 데이트, 매력적인 제안이 나타날 수 있습니다. 다만 달콤한 말이 실제 태도와 일치하는지 살펴야 합니다.","일에서는 창의적 제안, 예술적 프로젝트, 감성을 움직이는 일이 유리합니다. 그러나 현실적인 일정과 실행 계획도 필요합니다.","마음이 끌리는 방향은 중요하지만, 꿈만으로는 충분하지 않습니다. 감성과 현실의 다리를 놓아보세요.","카드명: Knight of Cups. 아르카나: Minor. 슈트: Cups. 원소: Water. 정방향 해석: 로맨틱한 제안, 이상, 아름다움과 감성의 흐름이 강합니다. 마음이 이끄는 방향으로 부드럽게 다가갈 수 있습니다. 역방향 해석: 감정 기복이나 비현실적인 기대가 문제를 만들 수 있습니다. 이상적인 그림보다 실제 행동과 책임을 확인해야 합니다. 연애 해석: 관계에서는 고백, 데이트, 매력적인 제안이 나타날 수 있습니다. 다만 달콤한 말이 실제 태도와 일치하는지 살펴야 합니다. 진로 해석: 일에서는 창의적 제안, 예술적 프로젝트, 감성을 움직이는 일이 유리합니다. 그러나 현실적인 일정과 실행 계획도 필요합니다. 조언 생성 참고: 마음이 끌리는 방향은 중요하지만, 꿈만으로는 충분하지 않습니다. 감성과 현실의 다리를 놓아보세요. Yes/No 경향: Yes. 점성/상징: None."
48,Queen of Cups,Minor,Cups,Water,"Compassion, calm, intuitive, nurturing","Insecurity, co-dependency, emotional manipulation","Deeply caring partner, empathic love","Counseling career, emotional intelligence",Yes,,https://deckaura.com/blogs/guide/queen-of-cups-tarot-meaning,"깊은 공감, 직관, 치유의 에너지가 강한 카드입니다. 타인의 감정을 잘 읽을 수 있지만, 자신의 마음도 함께 돌봐야 합니다.",감정적으로 휘둘리거나 의존적인 관계에 빠질 수 있습니다. 돌봄이 자기희생으로 변하고 있지 않은지 확인해야 합니다.,"관계에서는 따뜻한 이해와 깊은 감정 교류가 중요합니다. 단, 상대의 감정을 모두 책임지려 하지는 마세요.","일에서는 상담, 돌봄, 예술, 사람의 마음을 다루는 일이 유리합니다. 감정 노동이 많다면 회복 루틴이 필요합니다.",다정함은 강점이지만 경계도 필요합니다. 남을 이해하는 만큼 나의 마음도 보호하세요.,"카드명: Queen of Cups. 아르카나: Minor. 슈트: Cups. 원소: Water. 정방향 해석: 깊은 공감, 직관, 치유의 에너지가 강한 카드입니다. 타인의 감정을 잘 읽을 수 있지만, 자신의 마음도 함께 돌봐야 합니다. 역방향 해석: 감정적으로 휘둘리거나 의존적인 관계에 빠질 수 있습니다. 돌봄이 자기희생으로 변하고 있지 않은지 확인해야 합니다. 연애 해석: 관계에서는 따뜻한 이해와 깊은 감정 교류가 중요합니다. 단, 상대의 감정을 모두 책임지려 하지는 마세요. 진로 해석: 일에서는 상담, 돌봄, 예술, 사람의 마음을 다루는 일이 유리합니다. 감정 노동이 많다면 회복 루틴이 필요합니다. 조언 생성 참고: 다정함은 강점이지만 경계도 필요합니다. 남을 이해하는 만큼 나의 마음도 보호하세요. Yes/No 경향: Yes. 점성/상징: None."
49,King of Cups,Minor,Cups,Water,"Emotional balance, diplomacy, calm authority","Emotional manipulation, moodiness","Wise loving partner, emotional maturity","Leadership through empathy, diplomacy",Yes,,https://deckaura.com/blogs/guide/king-of-cups-tarot-meaning,감정을 억누르지 않고도 차분하게 다룰 수 있는 성숙함을 의미합니다. 어려운 상황에서도 균형과 관용을 유지할 수 있습니다.,감정을 숨기거나 반대로 감정으로 타인을 조종하려는 흐름이 나타날 수 있습니다. 겉으로 침착해도 속마음을 정직하게 봐야 합니다.,"관계에서는 안정적인 애정, 성숙한 대화, 감정 조절이 중요합니다. 큰 감정보다 꾸준한 신뢰가 관계를 지탱합니다.","일에서는 외교력, 중재, 차분한 리더십이 도움이 됩니다. 갈등 상황에서 감정을 다루는 능력이 강점이 됩니다.",감정을 없애려 하지 말고 다루는 법을 선택하세요. 성숙함은 흔들리지 않는 척이 아니라 흔들림 속에서도 책임 있게 행동하는 것입니다.,"카드명: King of Cups. 아르카나: Minor. 슈트: Cups. 원소: Water. 정방향 해석: 감정을 억누르지 않고도 차분하게 다룰 수 있는 성숙함을 의미합니다. 어려운 상황에서도 균형과 관용을 유지할 수 있습니다. 역방향 해석: 감정을 숨기거나 반대로 감정으로 타인을 조종하려는 흐름이 나타날 수 있습니다. 겉으로 침착해도 속마음을 정직하게 봐야 합니다. 연애 해석: 관계에서는 안정적인 애정, 성숙한 대화, 감정 조절이 중요합니다. 큰 감정보다 꾸준한 신뢰가 관계를 지탱합니다. 진로 해석: 일에서는 외교력, 중재, 차분한 리더십이 도움이 됩니다. 갈등 상황에서 감정을 다루는 능력이 강점이 됩니다. 조언 생성 참고: 감정을 없애려 하지 말고 다루는 법을 선택하세요. 성숙함은 흔들리지 않는 척이 아니라 흔들림 속에서도 책임 있게 행동하는 것입니다. Yes/No 경향: Yes. 점성/상징: None."
50,Ace of Swords,Minor,Swords,Air,"Clarity, breakthrough, truth, new idea","Confusion, chaos, lack of clarity",Clear communication in love,"Breakthrough idea, mental clarity",Yes,,https://deckaura.com/blogs/guide/ace-of-swords-tarot-meaning,혼란을 가르는 명확한 진실과 새로운 아이디어가 들어오는 카드입니다. 사실을 직면하고 분명하게 말할 때 돌파구가 생깁니다.,생각이 복잡하고 판단이 흐려질 수 있습니다. 정보가 부족하거나 말이 엇갈릴 수 있으니 결론을 서두르지 마세요.,관계에서는 솔직한 대화와 진실 확인이 중요합니다. 감정에 가려진 핵심을 말로 명확히 해야 합니다.,"일에서는 새로운 기획, 분석, 결단, 문제 해결에 유리합니다. 핵심을 정확히 짚으면 상황이 빠르게 정리됩니다.",애매한 말을 줄이고 사실을 정리하세요. 지금은 감정적 추측보다 명확한 기준이 필요합니다.,"카드명: Ace of Swords. 아르카나: Minor. 슈트: Swords. 원소: Air. 정방향 해석: 혼란을 가르는 명확한 진실과 새로운 아이디어가 들어오는 카드입니다. 사실을 직면하고 분명하게 말할 때 돌파구가 생깁니다. 역방향 해석: 생각이 복잡하고 판단이 흐려질 수 있습니다. 정보가 부족하거나 말이 엇갈릴 수 있으니 결론을 서두르지 마세요. 연애 해석: 관계에서는 솔직한 대화와 진실 확인이 중요합니다. 감정에 가려진 핵심을 말로 명확히 해야 합니다. 진로 해석: 일에서는 새로운 기획, 분석, 결단, 문제 해결에 유리합니다. 핵심을 정확히 짚으면 상황이 빠르게 정리됩니다. 조언 생성 참고: 애매한 말을 줄이고 사실을 정리하세요. 지금은 감정적 추측보다 명확한 기준이 필요합니다. Yes/No 경향: Yes. 점성/상징: None."
51,Two of Swords,Minor,Swords,Air,"Indecision, stalemate, blocked emotions","Information overload, overwhelm, clarity coming","Relationship crossroads, avoiding truth",Career decision paralysis,Maybe,,https://deckaura.com/blogs/guide/two-of-swords-tarot-meaning,"선택을 미루고 균형을 유지하려는 상태입니다. 감정을 차단한 채 버티고 있지만, 결국 결정을 위한 정보와 용기가 필요합니다.",정보가 너무 많아 오히려 혼란스럽거나 더 이상 회피할 수 없는 시점입니다. 마음을 열고 현실을 직면해야 합니다.,관계에서는 말하지 않은 감정과 선택 보류가 문제될 수 있습니다. 침묵이 평화를 지키는 것처럼 보여도 답을 늦출 뿐일 수 있습니다.,일에서는 두 선택지 사이에서 결정을 미루고 있을 수 있습니다. 장단점을 문서화하고 가장 덜 후회할 기준을 정하세요.,눈을 가린 채 균형을 잡는 시간은 오래가지 않습니다. 지금 필요한 것은 완벽한 답보다 결정을 위한 작은 기준입니다.,"카드명: Two of Swords. 아르카나: Minor. 슈트: Swords. 원소: Air. 정방향 해석: 선택을 미루고 균형을 유지하려는 상태입니다. 감정을 차단한 채 버티고 있지만, 결국 결정을 위한 정보와 용기가 필요합니다. 역방향 해석: 정보가 너무 많아 오히려 혼란스럽거나 더 이상 회피할 수 없는 시점입니다. 마음을 열고 현실을 직면해야 합니다. 연애 해석: 관계에서는 말하지 않은 감정과 선택 보류가 문제될 수 있습니다. 침묵이 평화를 지키는 것처럼 보여도 답을 늦출 뿐일 수 있습니다. 진로 해석: 일에서는 두 선택지 사이에서 결정을 미루고 있을 수 있습니다. 장단점을 문서화하고 가장 덜 후회할 기준을 정하세요. 조언 생성 참고: 눈을 가린 채 균형을 잡는 시간은 오래가지 않습니다. 지금 필요한 것은 완벽한 답보다 결정을 위한 작은 기준입니다. Yes/No 경향: Maybe. 점성/상징: None."
52,Three of Swords,Minor,Swords,Air,"Heartbreak, sorrow, grief, painful truth","Recovery, healing, forgiveness","Breakup, betrayal, emotional pain","Job loss, painful professional truth",No,,https://deckaura.com/blogs/guide/three-of-swords-tarot-meaning,"상처, 이별, 실망, 아픈 진실을 마주하는 카드입니다. 마음은 아프지만 진실을 인정하는 과정이 회복의 시작입니다.",상처가 조금씩 아물고 용서와 회복의 가능성이 생깁니다. 아픔을 부정하지 않고 정리하는 태도가 필요합니다.,"관계에서는 상처받은 말, 이별, 배신감, 실망이 주제가 될 수 있습니다. 아픈 대화라도 진실을 피하지 않는 것이 중요합니다.","일에서는 거절, 실패, 실망스러운 피드백이 있을 수 있습니다. 감정적으로 무너지기보다 배울 점과 정리할 점을 나눠 보세요.",아픈 감정은 빨리 없애야 할 문제가 아니라 이해받아야 할 신호입니다. 진실을 인정하되 자신을 비난하지 마세요.,"카드명: Three of Swords. 아르카나: Minor. 슈트: Swords. 원소: Air. 정방향 해석: 상처, 이별, 실망, 아픈 진실을 마주하는 카드입니다. 마음은 아프지만 진실을 인정하는 과정이 회복의 시작입니다. 역방향 해석: 상처가 조금씩 아물고 용서와 회복의 가능성이 생깁니다. 아픔을 부정하지 않고 정리하는 태도가 필요합니다. 연애 해석: 관계에서는 상처받은 말, 이별, 배신감, 실망이 주제가 될 수 있습니다. 아픈 대화라도 진실을 피하지 않는 것이 중요합니다. 진로 해석: 일에서는 거절, 실패, 실망스러운 피드백이 있을 수 있습니다. 감정적으로 무너지기보다 배울 점과 정리할 점을 나눠 보세요. 조언 생성 참고: 아픈 감정은 빨리 없애야 할 문제가 아니라 이해받아야 할 신호입니다. 진실을 인정하되 자신을 비난하지 마세요. Yes/No 경향: No. 점성/상징: None."
53,Four of Swords,Minor,Swords,Air,"Rest, recovery, contemplation, restoration","Restlessness, burnout, lack of rest","Relationship pause, time to reflect","Vacation needed, recovery from stress",Maybe,,https://deckaura.com/blogs/guide/four-of-swords-tarot-meaning,휴식과 회복이 필요한 카드입니다. 더 움직이기 전에 마음과 몸을 쉬게 해야 다음 판단이 선명해집니다.,쉬어야 하는데도 불안해서 멈추지 못하거나 이미 번아웃에 가까울 수 있습니다. 회복을 미루면 더 큰 정체가 올 수 있습니다.,관계에서는 잠시 거리두기나 감정 정리가 도움이 될 수 있습니다. 당장 해결하려 몰아붙이기보다 마음을 가라앉히세요.,"일에서는 휴식, 재정비, 전략적 멈춤이 필요합니다. 쉬는 시간이 낭비가 아니라 다음 성과를 위한 회복입니다.",지금은 더 많이 하는 것보다 멈추는 것이 답일 수 있습니다. 충분히 쉬어야 제대로 볼 수 있습니다.,"카드명: Four of Swords. 아르카나: Minor. 슈트: Swords. 원소: Air. 정방향 해석: 휴식과 회복이 필요한 카드입니다. 더 움직이기 전에 마음과 몸을 쉬게 해야 다음 판단이 선명해집니다. 역방향 해석: 쉬어야 하는데도 불안해서 멈추지 못하거나 이미 번아웃에 가까울 수 있습니다. 회복을 미루면 더 큰 정체가 올 수 있습니다. 연애 해석: 관계에서는 잠시 거리두기나 감정 정리가 도움이 될 수 있습니다. 당장 해결하려 몰아붙이기보다 마음을 가라앉히세요. 진로 해석: 일에서는 휴식, 재정비, 전략적 멈춤이 필요합니다. 쉬는 시간이 낭비가 아니라 다음 성과를 위한 회복입니다. 조언 생성 참고: 지금은 더 많이 하는 것보다 멈추는 것이 답일 수 있습니다. 충분히 쉬어야 제대로 볼 수 있습니다. Yes/No 경향: Maybe. 점성/상징: None."
54,Five of Swords,Minor,Swords,Air,"Conflict, defeat, win at all costs, betrayal","Reconciliation, forgiveness, moving on","Arguments, power struggles in love","Office politics, unfair competition",No,,https://deckaura.com/blogs/guide/five-of-swords-tarot-meaning,이기기 위한 싸움이 관계나 신뢰를 해칠 수 있는 카드입니다. 승리하더라도 무엇을 잃는지 함께 봐야 합니다.,"갈등을 끝내고 화해하거나, 더 이상 소모적인 싸움에 참여하지 않으려는 흐름입니다. 자존심보다 평화를 선택할 수 있습니다.","관계에서는 말싸움, 자존심, 이기려는 태도가 상처를 만들 수 있습니다. 상대를 꺾는 것보다 관계를 지키는 방향을 생각하세요.","일에서는 경쟁, 정치적 갈등, 불편한 협상과 연결됩니다. 단기 승리보다 평판과 장기 관계를 고려해야 합니다.",이기는 것이 정말 원하는 결과인지 물어보세요. 때로는 물러나는 선택이 더 큰 손실을 막습니다.,"카드명: Five of Swords. 아르카나: Minor. 슈트: Swords. 원소: Air. 정방향 해석: 이기기 위한 싸움이 관계나 신뢰를 해칠 수 있는 카드입니다. 승리하더라도 무엇을 잃는지 함께 봐야 합니다. 역방향 해석: 갈등을 끝내고 화해하거나, 더 이상 소모적인 싸움에 참여하지 않으려는 흐름입니다. 자존심보다 평화를 선택할 수 있습니다. 연애 해석: 관계에서는 말싸움, 자존심, 이기려는 태도가 상처를 만들 수 있습니다. 상대를 꺾는 것보다 관계를 지키는 방향을 생각하세요. 진로 해석: 일에서는 경쟁, 정치적 갈등, 불편한 협상과 연결됩니다. 단기 승리보다 평판과 장기 관계를 고려해야 합니다. 조언 생성 참고: 이기는 것이 정말 원하는 결과인지 물어보세요. 때로는 물러나는 선택이 더 큰 손실을 막습니다. Yes/No 경향: No. 점성/상징: None."
55,Six of Swords,Minor,Swords,Air,"Transition, moving on, recovery, travel","Stagnation, resistance, unfinished business",Moving on from heartbreak,"Career transition, relocation",Yes,,https://deckaura.com/blogs/guide/six-of-swords-tarot-meaning,어려운 상황에서 조금씩 벗어나 더 나은 곳으로 이동하는 카드입니다. 완전히 가볍지는 않지만 회복을 향한 전환이 시작됩니다.,과거의 문제나 미해결 감정이 발목을 잡을 수 있습니다. 떠나고 싶어도 정리하지 않은 것이 남아 있는지 확인하세요.,"관계에서는 갈등 후 회복, 거리두기, 혹은 더 차분한 방향으로 이동하는 흐름입니다. 감정보다 안정이 중요해질 수 있습니다.","일에서는 이동, 이직, 부서 변경, 문제에서 벗어나는 과정과 연결됩니다. 불편한 전환이더라도 장기적으로는 도움이 될 수 있습니다.",지금 이동은 도망이 아니라 회복을 위한 선택일 수 있습니다. 무거운 마음을 안고라도 더 나은 방향으로 건너가세요.,"카드명: Six of Swords. 아르카나: Minor. 슈트: Swords. 원소: Air. 정방향 해석: 어려운 상황에서 조금씩 벗어나 더 나은 곳으로 이동하는 카드입니다. 완전히 가볍지는 않지만 회복을 향한 전환이 시작됩니다. 역방향 해석: 과거의 문제나 미해결 감정이 발목을 잡을 수 있습니다. 떠나고 싶어도 정리하지 않은 것이 남아 있는지 확인하세요. 연애 해석: 관계에서는 갈등 후 회복, 거리두기, 혹은 더 차분한 방향으로 이동하는 흐름입니다. 감정보다 안정이 중요해질 수 있습니다. 진로 해석: 일에서는 이동, 이직, 부서 변경, 문제에서 벗어나는 과정과 연결됩니다. 불편한 전환이더라도 장기적으로는 도움이 될 수 있습니다. 조언 생성 참고: 지금 이동은 도망이 아니라 회복을 위한 선택일 수 있습니다. 무거운 마음을 안고라도 더 나은 방향으로 건너가세요. Yes/No 경향: Yes. 점성/상징: None."
56,Seven of Swords,Minor,Swords,Air,"Deception, strategy, stealth, cunning","Coming clean, confession, conscience","Dishonesty in relationship, secrets","Underhanded work tactics, be careful",No,,https://deckaura.com/blogs/guide/seven-of-swords-tarot-meaning,"전략, 비밀, 우회적인 행동이 강조되는 카드입니다. 신중함은 도움이 되지만 회피나 속임수로 흐르지 않도록 주의해야 합니다.",숨겨진 일이 드러나거나 양심의 부담을 정리해야 할 수 있습니다. 솔직해질 때 상황이 오히려 가벼워집니다.,"관계에서는 숨김, 의심, 애매한 태도가 문제가 될 수 있습니다. 불안하다면 추측보다 정직한 확인이 필요합니다.","일에서는 전략적 움직임, 독립적인 처리, 정보 관리가 중요합니다. 그러나 신뢰를 해칠 방식은 장기적으로 불리합니다.",똑똑하게 움직이되 떳떳함을 잃지 마세요. 지금의 선택이 나중에 설명 가능한지 생각해 보세요.,"카드명: Seven of Swords. 아르카나: Minor. 슈트: Swords. 원소: Air. 정방향 해석: 전략, 비밀, 우회적인 행동이 강조되는 카드입니다. 신중함은 도움이 되지만 회피나 속임수로 흐르지 않도록 주의해야 합니다. 역방향 해석: 숨겨진 일이 드러나거나 양심의 부담을 정리해야 할 수 있습니다. 솔직해질 때 상황이 오히려 가벼워집니다. 연애 해석: 관계에서는 숨김, 의심, 애매한 태도가 문제가 될 수 있습니다. 불안하다면 추측보다 정직한 확인이 필요합니다. 진로 해석: 일에서는 전략적 움직임, 독립적인 처리, 정보 관리가 중요합니다. 그러나 신뢰를 해칠 방식은 장기적으로 불리합니다. 조언 생성 참고: 똑똑하게 움직이되 떳떳함을 잃지 마세요. 지금의 선택이 나중에 설명 가능한지 생각해 보세요. Yes/No 경향: No. 점성/상징: None."
57,Eight of Swords,Minor,Swords,Air,"Restriction, trapped, self-limiting beliefs","Freedom, release, new perspective",Feeling trapped in relationship,"Feeling stuck in career, self-imposed limits",No,,https://deckaura.com/blogs/guide/eight-of-swords-tarot-meaning,스스로 갇혀 있다고 느끼지만 실제로는 생각보다 선택지가 남아 있는 카드입니다. 두려움과 자기제한이 시야를 좁히고 있을 수 있습니다.,묶여 있던 생각에서 벗어나 자유와 새로운 관점을 찾을 수 있습니다. 작은 행동 하나가 갇힌 느낌을 깨뜨립니다.,관계에서는 말하지 못하는 불안이나 제한감이 있을 수 있습니다. 상대보다 자신의 두려움이 더 큰 감옥인지 살펴보세요.,"일에서는 제약, 압박, 자신감 부족으로 움직이지 못할 수 있습니다. 가능한 선택지를 글로 적어보면 길이 보이기 시작합니다.",지금 느끼는 한계가 전부 사실은 아닐 수 있습니다. 작게라도 움직이면 생각의 감옥에 틈이 생깁니다.,"카드명: Eight of Swords. 아르카나: Minor. 슈트: Swords. 원소: Air. 정방향 해석: 스스로 갇혀 있다고 느끼지만 실제로는 생각보다 선택지가 남아 있는 카드입니다. 두려움과 자기제한이 시야를 좁히고 있을 수 있습니다. 역방향 해석: 묶여 있던 생각에서 벗어나 자유와 새로운 관점을 찾을 수 있습니다. 작은 행동 하나가 갇힌 느낌을 깨뜨립니다. 연애 해석: 관계에서는 말하지 못하는 불안이나 제한감이 있을 수 있습니다. 상대보다 자신의 두려움이 더 큰 감옥인지 살펴보세요. 진로 해석: 일에서는 제약, 압박, 자신감 부족으로 움직이지 못할 수 있습니다. 가능한 선택지를 글로 적어보면 길이 보이기 시작합니다. 조언 생성 참고: 지금 느끼는 한계가 전부 사실은 아닐 수 있습니다. 작게라도 움직이면 생각의 감옥에 틈이 생깁니다. Yes/No 경향: No. 점성/상징: None."
58,Nine of Swords,Minor,Swords,Air,"Anxiety, worry, nightmares, fear","Hope, recovery, reaching out for help","Relationship anxiety, overthinking","Work stress, insomnia from career worry",No,,https://deckaura.com/blogs/guide/nine-of-swords-tarot-meaning,"불안, 걱정, 밤의 생각이 커지는 카드입니다. 실제 상황보다 머릿속 두려움이 더 크게 느껴질 수 있습니다.",걱정에서 조금씩 벗어나 도움을 요청하거나 회복의 방향을 찾을 수 있습니다. 혼자 견디지 않는 것이 중요합니다.,"관계에서는 불안, 죄책감, 걱정이 커질 수 있습니다. 확인되지 않은 생각으로 스스로를 괴롭히기보다 대화와 휴식이 필요합니다.","일에서는 압박, 실수에 대한 두려움, 성과 불안이 나타날 수 있습니다. 문제를 작게 쪼개고 도움을 요청하세요.",걱정이 많다는 것은 당신이 약해서가 아니라 너무 오래 혼자 버텼다는 신호일 수 있습니다. 생각을 밖으로 꺼내 정리해 보세요.,"카드명: Nine of Swords. 아르카나: Minor. 슈트: Swords. 원소: Air. 정방향 해석: 불안, 걱정, 밤의 생각이 커지는 카드입니다. 실제 상황보다 머릿속 두려움이 더 크게 느껴질 수 있습니다. 역방향 해석: 걱정에서 조금씩 벗어나 도움을 요청하거나 회복의 방향을 찾을 수 있습니다. 혼자 견디지 않는 것이 중요합니다. 연애 해석: 관계에서는 불안, 죄책감, 걱정이 커질 수 있습니다. 확인되지 않은 생각으로 스스로를 괴롭히기보다 대화와 휴식이 필요합니다. 진로 해석: 일에서는 압박, 실수에 대한 두려움, 성과 불안이 나타날 수 있습니다. 문제를 작게 쪼개고 도움을 요청하세요. 조언 생성 참고: 걱정이 많다는 것은 당신이 약해서가 아니라 너무 오래 혼자 버텼다는 신호일 수 있습니다. 생각을 밖으로 꺼내 정리해 보세요. Yes/No 경향: No. 점성/상징: None."
59,Ten of Swords,Minor,Swords,Air,"Endings, betrayal, rock bottom, crisis","Recovery, regeneration, rising up","Painful breakup, hitting rock bottom","Career collapse, time to rebuild",No,,https://deckaura.com/blogs/guide/ten-of-swords-tarot-meaning,한계에 도달했거나 어떤 상황이 끝났음을 보여주는 카드입니다. 고통스러운 끝이지만 더 나빠질 곳이 없다는 점에서 회복의 시작이기도 합니다.,최악의 순간을 지나 다시 일어설 수 있는 흐름입니다. 완전한 회복은 시간이 걸리지만 재생의 가능성이 생깁니다.,"관계에서는 큰 상처, 끝맺음, 배신감이 주제가 될 수 있습니다. 끝난 것을 계속 되살리기보다 나를 회복시키는 방향을 선택해야 합니다.","일에서는 실패, 중단, 한계, 큰 피로와 연결될 수 있습니다. 손실을 인정하고 다음 회복 계획을 세우는 것이 중요합니다.","끝났다는 사실은 아프지만, 동시에 더 이상 같은 방식으로 버티지 않아도 된다는 뜻입니다. 먼저 회복을 선택하세요.","카드명: Ten of Swords. 아르카나: Minor. 슈트: Swords. 원소: Air. 정방향 해석: 한계에 도달했거나 어떤 상황이 끝났음을 보여주는 카드입니다. 고통스러운 끝이지만 더 나빠질 곳이 없다는 점에서 회복의 시작이기도 합니다. 역방향 해석: 최악의 순간을 지나 다시 일어설 수 있는 흐름입니다. 완전한 회복은 시간이 걸리지만 재생의 가능성이 생깁니다. 연애 해석: 관계에서는 큰 상처, 끝맺음, 배신감이 주제가 될 수 있습니다. 끝난 것을 계속 되살리기보다 나를 회복시키는 방향을 선택해야 합니다. 진로 해석: 일에서는 실패, 중단, 한계, 큰 피로와 연결될 수 있습니다. 손실을 인정하고 다음 회복 계획을 세우는 것이 중요합니다. 조언 생성 참고: 끝났다는 사실은 아프지만, 동시에 더 이상 같은 방식으로 버티지 않아도 된다는 뜻입니다. 먼저 회복을 선택하세요. Yes/No 경향: No. 점성/상징: None."
60,Page of Swords,Minor,Swords,Air,"Curiosity, restlessness, mental energy","Deception, manipulation, all talk","Curious about love, overthinking feelings","New ideas, research, mental exploration",Yes,,https://deckaura.com/blogs/guide/page-of-swords-tarot-meaning,"호기심, 관찰, 정보 수집, 새로운 생각이 활발해지는 카드입니다. 아직 미숙해도 배우려는 태도와 질문이 길을 엽니다.",말이 앞서거나 정보가 불완전한 상태에서 판단할 수 있습니다. 소문이나 섣부른 결론에 휘둘리지 않아야 합니다.,"관계에서는 상대를 관찰하거나 메시지, 대화, 호기심이 중요해집니다. 다만 시험하듯 떠보는 말은 신뢰를 해칠 수 있습니다.","일에서는 조사, 공부, 기획, 커뮤니케이션에 유리합니다. 정보를 모으되 검증하는 습관이 필요합니다.","궁금한 것은 좋은 출발점입니다. 다만 말하기 전에 확인하고, 판단하기 전에 더 배워보세요.","카드명: Page of Swords. 아르카나: Minor. 슈트: Swords. 원소: Air. 정방향 해석: 호기심, 관찰, 정보 수집, 새로운 생각이 활발해지는 카드입니다. 아직 미숙해도 배우려는 태도와 질문이 길을 엽니다. 역방향 해석: 말이 앞서거나 정보가 불완전한 상태에서 판단할 수 있습니다. 소문이나 섣부른 결론에 휘둘리지 않아야 합니다. 연애 해석: 관계에서는 상대를 관찰하거나 메시지, 대화, 호기심이 중요해집니다. 다만 시험하듯 떠보는 말은 신뢰를 해칠 수 있습니다. 진로 해석: 일에서는 조사, 공부, 기획, 커뮤니케이션에 유리합니다. 정보를 모으되 검증하는 습관이 필요합니다. 조언 생성 참고: 궁금한 것은 좋은 출발점입니다. 다만 말하기 전에 확인하고, 판단하기 전에 더 배워보세요. Yes/No 경향: Yes. 점성/상징: None."
61,Knight of Swords,Minor,Swords,Air,"Ambition, action, impulsiveness, fast thinking","No direction, disregard, aggression","Rushing into love, intense pursuit","Aggressive career moves, quick action",Yes,,https://deckaura.com/blogs/guide/knight-of-swords-tarot-meaning,빠른 판단과 행동으로 상황을 밀고 나가는 카드입니다. 목표가 분명하다면 속도와 결단이 큰 힘이 됩니다.,"성급함, 공격적인 말, 방향 없는 돌진이 문제를 만들 수 있습니다. 빠르다고 항상 옳은 것은 아닙니다.",관계에서는 직설적인 대화나 빠른 전개가 있을 수 있습니다. 감정의 섬세함을 놓치면 상처가 될 수 있으니 말의 속도를 조절하세요.,"일에서는 빠른 실행, 경쟁, 결단력 있는 대응이 필요할 수 있습니다. 다만 확인 없이 진행하면 실수가 커집니다.","돌파력은 강점이지만 브레이크도 필요합니다. 지금은 빠르게 가되, 상대와 상황을 베고 지나가지 않도록 주의하세요.","카드명: Knight of Swords. 아르카나: Minor. 슈트: Swords. 원소: Air. 정방향 해석: 빠른 판단과 행동으로 상황을 밀고 나가는 카드입니다. 목표가 분명하다면 속도와 결단이 큰 힘이 됩니다. 역방향 해석: 성급함, 공격적인 말, 방향 없는 돌진이 문제를 만들 수 있습니다. 빠르다고 항상 옳은 것은 아닙니다. 연애 해석: 관계에서는 직설적인 대화나 빠른 전개가 있을 수 있습니다. 감정의 섬세함을 놓치면 상처가 될 수 있으니 말의 속도를 조절하세요. 진로 해석: 일에서는 빠른 실행, 경쟁, 결단력 있는 대응이 필요할 수 있습니다. 다만 확인 없이 진행하면 실수가 커집니다. 조언 생성 참고: 돌파력은 강점이지만 브레이크도 필요합니다. 지금은 빠르게 가되, 상대와 상황을 베고 지나가지 않도록 주의하세요. Yes/No 경향: Yes. 점성/상징: None."
62,Queen of Swords,Minor,Swords,Air,"Independence, clear boundaries, direct communication","Cold, cruel, bitterness","Independent partner, honest communication","Clear leadership, objective decisions",Yes,,https://deckaura.com/blogs/guide/queen-of-swords-tarot-meaning,"명확한 판단, 솔직한 말, 건강한 경계가 필요한 카드입니다. 감정에 휩쓸리지 않고 핵심을 보는 힘이 있습니다.",상처 때문에 말이 차갑거나 비판적으로 나올 수 있습니다. 냉정함이 방어인지 지혜인지 구분해야 합니다.,관계에서는 솔직한 대화와 경계 설정이 중요합니다. 감정을 숨기기보다 정확히 말하되 날카롭게 찌르지는 않아야 합니다.,"일에서는 분석, 판단, 의사결정, 독립적인 태도가 유리합니다. 명확한 기준을 제시하면 신뢰를 얻습니다.",분명하게 말하되 마음까지 얼릴 필요는 없습니다. 선을 긋는 것과 사람을 밀어내는 것은 다릅니다.,"카드명: Queen of Swords. 아르카나: Minor. 슈트: Swords. 원소: Air. 정방향 해석: 명확한 판단, 솔직한 말, 건강한 경계가 필요한 카드입니다. 감정에 휩쓸리지 않고 핵심을 보는 힘이 있습니다. 역방향 해석: 상처 때문에 말이 차갑거나 비판적으로 나올 수 있습니다. 냉정함이 방어인지 지혜인지 구분해야 합니다. 연애 해석: 관계에서는 솔직한 대화와 경계 설정이 중요합니다. 감정을 숨기기보다 정확히 말하되 날카롭게 찌르지는 않아야 합니다. 진로 해석: 일에서는 분석, 판단, 의사결정, 독립적인 태도가 유리합니다. 명확한 기준을 제시하면 신뢰를 얻습니다. 조언 생성 참고: 분명하게 말하되 마음까지 얼릴 필요는 없습니다. 선을 긋는 것과 사람을 밀어내는 것은 다릅니다. Yes/No 경향: Yes. 점성/상징: None."
63,King of Swords,Minor,Swords,Air,"Intellectual power, authority, truth, ethics","Manipulation, tyranny, abuse of power","Logical partner, clear communication","Authority figure, legal expertise",Yes,,https://deckaura.com/blogs/guide/king-of-swords-tarot-meaning,"논리, 원칙, 지적 권위가 중요한 카드입니다. 감정적 혼란 속에서도 공정한 기준과 냉철한 판단이 상황을 정리합니다.",논리가 권위주의나 조종으로 흐를 수 있습니다. 옳은 말이라도 방식이 폭력적이면 신뢰를 잃습니다.,관계에서는 감정보다 대화의 구조와 원칙이 중요해질 수 있습니다. 따뜻함 없는 판단만으로는 관계가 건조해질 수 있습니다.,"일에서는 리더십, 전략, 법률, 계약, 분석적 판단과 연결됩니다. 원칙을 세우되 사람의 감정도 고려해야 합니다.","차분하고 정확하게 판단하세요. 단, 사람을 설득하려면 논리뿐 아니라 존중도 필요합니다.","카드명: King of Swords. 아르카나: Minor. 슈트: Swords. 원소: Air. 정방향 해석: 논리, 원칙, 지적 권위가 중요한 카드입니다. 감정적 혼란 속에서도 공정한 기준과 냉철한 판단이 상황을 정리합니다. 역방향 해석: 논리가 권위주의나 조종으로 흐를 수 있습니다. 옳은 말이라도 방식이 폭력적이면 신뢰를 잃습니다. 연애 해석: 관계에서는 감정보다 대화의 구조와 원칙이 중요해질 수 있습니다. 따뜻함 없는 판단만으로는 관계가 건조해질 수 있습니다. 진로 해석: 일에서는 리더십, 전략, 법률, 계약, 분석적 판단과 연결됩니다. 원칙을 세우되 사람의 감정도 고려해야 합니다. 조언 생성 참고: 차분하고 정확하게 판단하세요. 단, 사람을 설득하려면 논리뿐 아니라 존중도 필요합니다. Yes/No 경향: Yes. 점성/상징: None."
64,Ace of Pentacles,Minor,Pentacles,Earth,"New opportunity, prosperity, abundance","Missed opportunity, scarcity, instability",New stable relationship beginning,"New job, financial opportunity",Yes,,https://deckaura.com/blogs/guide/ace-of-pentacles-tarot-meaning,현실적인 기회와 물질적 가능성이 열리는 카드입니다. 작은 씨앗처럼 보이는 기회가 꾸준히 키우면 안정적인 결과로 자랄 수 있습니다.,"좋은 기회를 놓치거나 현실적인 준비가 부족할 수 있습니다. 돈, 시간, 계획을 구체적으로 점검해야 합니다.","관계에서는 안정적인 시작, 신뢰, 현실적인 기반이 중요합니다. 감정뿐 아니라 함께 쌓아갈 생활 감각도 살펴보세요.","일에서는 새로운 직업 기회, 수익, 투자, 프로젝트 시작과 연결됩니다. 실현 가능한 계획으로 만들면 좋은 결과가 기대됩니다.",기회가 작아 보여도 현실에 심으면 자랄 수 있습니다. 지금은 꿈보다 실행 가능한 기반을 만드는 것이 중요합니다.,"카드명: Ace of Pentacles. 아르카나: Minor. 슈트: Pentacles. 원소: Earth. 정방향 해석: 현실적인 기회와 물질적 가능성이 열리는 카드입니다. 작은 씨앗처럼 보이는 기회가 꾸준히 키우면 안정적인 결과로 자랄 수 있습니다. 역방향 해석: 좋은 기회를 놓치거나 현실적인 준비가 부족할 수 있습니다. 돈, 시간, 계획을 구체적으로 점검해야 합니다. 연애 해석: 관계에서는 안정적인 시작, 신뢰, 현실적인 기반이 중요합니다. 감정뿐 아니라 함께 쌓아갈 생활 감각도 살펴보세요. 진로 해석: 일에서는 새로운 직업 기회, 수익, 투자, 프로젝트 시작과 연결됩니다. 실현 가능한 계획으로 만들면 좋은 결과가 기대됩니다. 조언 생성 참고: 기회가 작아 보여도 현실에 심으면 자랄 수 있습니다. 지금은 꿈보다 실행 가능한 기반을 만드는 것이 중요합니다. Yes/No 경향: Yes. 점성/상징: None."
65,Two of Pentacles,Minor,Pentacles,Earth,"Balance, adaptability, juggling priorities","Imbalance, disorganization, overwhelm","Balancing love and life, juggling priorities","Work-life balance, managing multiple projects",Maybe,,https://deckaura.com/blogs/guide/two-of-pentacles-tarot-meaning,여러 책임과 선택지를 균형 있게 다루어야 하는 카드입니다. 유연함과 우선순위 조정이 상황을 안정시킵니다.,해야 할 일이 너무 많아 균형이 무너질 수 있습니다. 정리하지 않으면 작은 문제가 큰 부담으로 번질 수 있습니다.,"관계에서는 시간, 일, 감정 사이의 균형이 필요합니다. 상대가 우선순위에서 밀려나고 있지 않은지 살펴보세요.","일에서는 여러 업무, 돈 관리, 일정 조율이 핵심입니다. 무엇을 먼저 처리할지 정해야 압박이 줄어듭니다.",모든 것을 동시에 완벽히 해내려 하지 마세요. 지금은 균형보다 우선순위가 먼저입니다.,"카드명: Two of Pentacles. 아르카나: Minor. 슈트: Pentacles. 원소: Earth. 정방향 해석: 여러 책임과 선택지를 균형 있게 다루어야 하는 카드입니다. 유연함과 우선순위 조정이 상황을 안정시킵니다. 역방향 해석: 해야 할 일이 너무 많아 균형이 무너질 수 있습니다. 정리하지 않으면 작은 문제가 큰 부담으로 번질 수 있습니다. 연애 해석: 관계에서는 시간, 일, 감정 사이의 균형이 필요합니다. 상대가 우선순위에서 밀려나고 있지 않은지 살펴보세요. 진로 해석: 일에서는 여러 업무, 돈 관리, 일정 조율이 핵심입니다. 무엇을 먼저 처리할지 정해야 압박이 줄어듭니다. 조언 생성 참고: 모든 것을 동시에 완벽히 해내려 하지 마세요. 지금은 균형보다 우선순위가 먼저입니다. Yes/No 경향: Maybe. 점성/상징: None."
66,Three of Pentacles,Minor,Pentacles,Earth,"Teamwork, collaboration, skill, craftsmanship","Lack of teamwork, disorganization, conflict","Building relationship together, shared goals","Team project, skill recognition",Yes,,https://deckaura.com/blogs/guide/three-of-pentacles-tarot-meaning,"협업, 기술, 전문성이 좋은 결과를 만드는 카드입니다. 혼자보다 각자의 역할을 살릴 때 완성도가 높아집니다.",팀워크가 부족하거나 역할이 어긋나 갈등이 생길 수 있습니다. 소통과 기준을 다시 맞추는 것이 필요합니다.,관계에서는 함께 문제를 해결하고 관계를 만들어가는 태도가 중요합니다. 둘만의 규칙과 역할을 정하면 안정감이 커집니다.,"일에서는 협업, 피드백, 기술 향상, 프로젝트 완성도와 연결됩니다. 전문가의 조언이나 팀의 도움이 성과를 높입니다.",혼자 증명하려 하지 마세요. 지금은 함께 만들수록 더 단단해지는 흐름입니다.,"카드명: Three of Pentacles. 아르카나: Minor. 슈트: Pentacles. 원소: Earth. 정방향 해석: 협업, 기술, 전문성이 좋은 결과를 만드는 카드입니다. 혼자보다 각자의 역할을 살릴 때 완성도가 높아집니다. 역방향 해석: 팀워크가 부족하거나 역할이 어긋나 갈등이 생길 수 있습니다. 소통과 기준을 다시 맞추는 것이 필요합니다. 연애 해석: 관계에서는 함께 문제를 해결하고 관계를 만들어가는 태도가 중요합니다. 둘만의 규칙과 역할을 정하면 안정감이 커집니다. 진로 해석: 일에서는 협업, 피드백, 기술 향상, 프로젝트 완성도와 연결됩니다. 전문가의 조언이나 팀의 도움이 성과를 높입니다. 조언 생성 참고: 혼자 증명하려 하지 마세요. 지금은 함께 만들수록 더 단단해지는 흐름입니다. Yes/No 경향: Yes. 점성/상징: None."
67,Four of Pentacles,Minor,Pentacles,Earth,"Security, control, conservation, stability","Greed, materialism, self-protection","Possessiveness, fear of vulnerability","Financial security, holding onto resources",Maybe,,https://deckaura.com/blogs/guide/four-of-pentacles-tarot-meaning,"안정과 보호를 위해 자원을 지키려는 카드입니다. 재정이나 마음의 경계를 세우는 것은 좋지만, 지나친 집착은 흐름을 막을 수 있습니다.","놓지 못하던 것을 내려놓거나, 반대로 불안정하게 자원을 잃을 수 있습니다. 무엇을 지켜야 하고 무엇을 풀어야 하는지 구분해야 합니다.","관계에서는 소유욕, 불안, 마음을 닫는 태도가 나타날 수 있습니다. 안정감을 원한다면 통제보다 신뢰가 필요합니다.","일에서는 저축, 안정, 자원 관리가 중요합니다. 다만 안전만 고집하면 성장 기회를 놓칠 수 있습니다.",지키는 것도 필요하지만 너무 꽉 쥐면 아무것도 들어오지 못합니다. 안정과 개방 사이의 적당한 손힘을 찾으세요.,"카드명: Four of Pentacles. 아르카나: Minor. 슈트: Pentacles. 원소: Earth. 정방향 해석: 안정과 보호를 위해 자원을 지키려는 카드입니다. 재정이나 마음의 경계를 세우는 것은 좋지만, 지나친 집착은 흐름을 막을 수 있습니다. 역방향 해석: 놓지 못하던 것을 내려놓거나, 반대로 불안정하게 자원을 잃을 수 있습니다. 무엇을 지켜야 하고 무엇을 풀어야 하는지 구분해야 합니다. 연애 해석: 관계에서는 소유욕, 불안, 마음을 닫는 태도가 나타날 수 있습니다. 안정감을 원한다면 통제보다 신뢰가 필요합니다. 진로 해석: 일에서는 저축, 안정, 자원 관리가 중요합니다. 다만 안전만 고집하면 성장 기회를 놓칠 수 있습니다. 조언 생성 참고: 지키는 것도 필요하지만 너무 꽉 쥐면 아무것도 들어오지 못합니다. 안정과 개방 사이의 적당한 손힘을 찾으세요. Yes/No 경향: Maybe. 점성/상징: None."
68,Five of Pentacles,Minor,Pentacles,Earth,"Hardship, loss, isolation, feeling left out","Recovery, improvement, turning corner","Loneliness, feeling rejected in love","Financial hardship, job loss",No,,https://deckaura.com/blogs/guide/five-of-pentacles-tarot-meaning,"부족함, 고립감, 현실적인 어려움이 크게 느껴지는 카드입니다. 하지만 도움은 가까이에 있을 수 있으며, 혼자 견디지 않아도 됩니다.",어려운 시기를 지나 회복의 조짐이 보입니다. 도움을 받아들이고 작은 개선을 쌓으면 상황이 나아질 수 있습니다.,"관계에서는 외로움, 소외감, 충분히 돌봄받지 못한다는 느낌이 생길 수 있습니다. 필요한 것을 말하고 도움을 요청해야 합니다.","일에서는 재정난, 불안정, 실패감이 나타날 수 있습니다. 지원 제도, 주변 도움, 현실적인 재정 계획을 찾아보는 것이 중요합니다.",어려움은 부끄러운 일이 아닙니다. 문이 닫힌 것처럼 보여도 도움을 받을 창구를 찾아야 합니다.,"카드명: Five of Pentacles. 아르카나: Minor. 슈트: Pentacles. 원소: Earth. 정방향 해석: 부족함, 고립감, 현실적인 어려움이 크게 느껴지는 카드입니다. 하지만 도움은 가까이에 있을 수 있으며, 혼자 견디지 않아도 됩니다. 역방향 해석: 어려운 시기를 지나 회복의 조짐이 보입니다. 도움을 받아들이고 작은 개선을 쌓으면 상황이 나아질 수 있습니다. 연애 해석: 관계에서는 외로움, 소외감, 충분히 돌봄받지 못한다는 느낌이 생길 수 있습니다. 필요한 것을 말하고 도움을 요청해야 합니다. 진로 해석: 일에서는 재정난, 불안정, 실패감이 나타날 수 있습니다. 지원 제도, 주변 도움, 현실적인 재정 계획을 찾아보는 것이 중요합니다. 조언 생성 참고: 어려움은 부끄러운 일이 아닙니다. 문이 닫힌 것처럼 보여도 도움을 받을 창구를 찾아야 합니다. Yes/No 경향: No. 점성/상징: None."
69,Six of Pentacles,Minor,Pentacles,Earth,"Generosity, charity, sharing wealth, balance","Debt, selfishness, strings attached","Generous partner, giving and receiving love","Raise, bonus, charitable giving",Yes,,https://deckaura.com/blogs/guide/six-of-pentacles-tarot-meaning,"주고받는 균형, 도움, 나눔의 카드입니다. 필요한 사람에게 지원이 가고, 공정한 교환이 이루어질 수 있습니다.",도움이 조건부가 되거나 주고받음의 균형이 깨질 수 있습니다. 누가 계속 주고 누가 계속 받는지 살펴야 합니다.,관계에서는 배려와 지원의 균형이 중요합니다. 한쪽만 감정적·현실적 비용을 치르고 있지 않은지 확인하세요.,"일에서는 보상, 지원, 투자, 멘토링, 공정한 분배와 연결됩니다. 도움을 요청하거나 제공하는 일이 기회가 됩니다.",혼자 해결하려 하지 말고 필요한 도움을 주고받으세요. 다만 도움의 조건과 균형은 분명히 해야 합니다.,"카드명: Six of Pentacles. 아르카나: Minor. 슈트: Pentacles. 원소: Earth. 정방향 해석: 주고받는 균형, 도움, 나눔의 카드입니다. 필요한 사람에게 지원이 가고, 공정한 교환이 이루어질 수 있습니다. 역방향 해석: 도움이 조건부가 되거나 주고받음의 균형이 깨질 수 있습니다. 누가 계속 주고 누가 계속 받는지 살펴야 합니다. 연애 해석: 관계에서는 배려와 지원의 균형이 중요합니다. 한쪽만 감정적·현실적 비용을 치르고 있지 않은지 확인하세요. 진로 해석: 일에서는 보상, 지원, 투자, 멘토링, 공정한 분배와 연결됩니다. 도움을 요청하거나 제공하는 일이 기회가 됩니다. 조언 생성 참고: 혼자 해결하려 하지 말고 필요한 도움을 주고받으세요. 다만 도움의 조건과 균형은 분명히 해야 합니다. Yes/No 경향: Yes. 점성/상징: None."
70,Seven of Pentacles,Minor,Pentacles,Earth,"Patience, long-term view, investment, perseverance","Impatience, lack of reward, wasted effort","Patience in love, long-term investment","Career growth takes time, be patient",Maybe,,https://deckaura.com/blogs/guide/seven-of-pentacles-tarot-meaning,오래 투자한 것의 성장을 기다리는 카드입니다. 당장 큰 결과가 없어도 꾸준한 노력은 쌓이고 있습니다.,노력에 비해 보상이 부족하거나 방향이 잘못됐다는 불만이 생길 수 있습니다. 계속할지 수정할지 냉정하게 평가해야 합니다.,"관계에서는 시간을 들여 쌓아온 신뢰를 돌아보는 시기입니다. 기다림이 가치 있는지, 둘 다 같은 마음으로 투자하고 있는지 봐야 합니다.","일에서는 장기 프로젝트, 투자, 평가, 성장 속도와 연결됩니다. 조급함보다 중간 점검이 필요합니다.","기다림만으로는 부족하고, 점검 없는 노력도 위험합니다. 지금은 성과를 재고 방향을 조정할 때입니다.","카드명: Seven of Pentacles. 아르카나: Minor. 슈트: Pentacles. 원소: Earth. 정방향 해석: 오래 투자한 것의 성장을 기다리는 카드입니다. 당장 큰 결과가 없어도 꾸준한 노력은 쌓이고 있습니다. 역방향 해석: 노력에 비해 보상이 부족하거나 방향이 잘못됐다는 불만이 생길 수 있습니다. 계속할지 수정할지 냉정하게 평가해야 합니다. 연애 해석: 관계에서는 시간을 들여 쌓아온 신뢰를 돌아보는 시기입니다. 기다림이 가치 있는지, 둘 다 같은 마음으로 투자하고 있는지 봐야 합니다. 진로 해석: 일에서는 장기 프로젝트, 투자, 평가, 성장 속도와 연결됩니다. 조급함보다 중간 점검이 필요합니다. 조언 생성 참고: 기다림만으로는 부족하고, 점검 없는 노력도 위험합니다. 지금은 성과를 재고 방향을 조정할 때입니다. Yes/No 경향: Maybe. 점성/상징: None."
71,Eight of Pentacles,Minor,Pentacles,Earth,"Craftsmanship, skill development, diligence","Perfectionism, lack of ambition, mediocrity","Working on relationship, improving together","Skill building, apprenticeship, hard work",Yes,,https://deckaura.com/blogs/guide/eight-of-pentacles-tarot-meaning,기술을 갈고닦고 꾸준히 실력을 쌓는 카드입니다. 반복과 집중이 결국 전문성으로 이어집니다.,완벽주의에 갇히거나 성장이 멈춘 느낌이 들 수 있습니다. 반복이 배움이 되는지 단순 노동이 되는지 확인해야 합니다.,관계에서는 꾸준한 노력과 작은 실천이 중요합니다. 사랑도 감정만이 아니라 계속 다듬어야 하는 관계의 기술입니다.,"일에서는 학습, 훈련, 자격, 장인정신, 실무 능력 향상에 유리합니다. 성실함이 가장 강한 무기입니다.",지름길보다 반복이 힘을 만듭니다. 오늘 한 번 더 다듬은 것이 나중에 실력으로 남습니다.,"카드명: Eight of Pentacles. 아르카나: Minor. 슈트: Pentacles. 원소: Earth. 정방향 해석: 기술을 갈고닦고 꾸준히 실력을 쌓는 카드입니다. 반복과 집중이 결국 전문성으로 이어집니다. 역방향 해석: 완벽주의에 갇히거나 성장이 멈춘 느낌이 들 수 있습니다. 반복이 배움이 되는지 단순 노동이 되는지 확인해야 합니다. 연애 해석: 관계에서는 꾸준한 노력과 작은 실천이 중요합니다. 사랑도 감정만이 아니라 계속 다듬어야 하는 관계의 기술입니다. 진로 해석: 일에서는 학습, 훈련, 자격, 장인정신, 실무 능력 향상에 유리합니다. 성실함이 가장 강한 무기입니다. 조언 생성 참고: 지름길보다 반복이 힘을 만듭니다. 오늘 한 번 더 다듬은 것이 나중에 실력으로 남습니다. Yes/No 경향: Yes. 점성/상징: None."
72,Nine of Pentacles,Minor,Pentacles,Earth,"Abundance, luxury, self-sufficiency, independence","Over-investment in work, superficiality","Enjoying being single, self-love","Financial independence, enjoying success",Yes,,https://deckaura.com/blogs/guide/nine-of-pentacles-tarot-meaning,"독립, 풍요, 자기만의 성취를 누리는 카드입니다. 스스로 쌓아온 결과를 즐기고 자기 가치를 인정하기 좋은 흐름입니다.","겉으로는 풍요로워 보여도 과로, 외로움, 겉치레가 숨어 있을 수 있습니다. 성취가 삶의 만족으로 이어지고 있는지 봐야 합니다.",관계에서는 독립성과 여유가 중요합니다. 혼자서도 충분한 사람이 관계 안에서도 더 건강하게 사랑할 수 있습니다.,"일에서는 성과, 재정적 안정, 자기관리, 프리랜스나 독립적 성취와 연결됩니다. 자신의 가치를 제대로 인정받아야 합니다.",스스로 이룬 것을 축소하지 마세요. 다만 성취가 외로움의 벽이 되지 않도록 마음도 열어두세요.,"카드명: Nine of Pentacles. 아르카나: Minor. 슈트: Pentacles. 원소: Earth. 정방향 해석: 독립, 풍요, 자기만의 성취를 누리는 카드입니다. 스스로 쌓아온 결과를 즐기고 자기 가치를 인정하기 좋은 흐름입니다. 역방향 해석: 겉으로는 풍요로워 보여도 과로, 외로움, 겉치레가 숨어 있을 수 있습니다. 성취가 삶의 만족으로 이어지고 있는지 봐야 합니다. 연애 해석: 관계에서는 독립성과 여유가 중요합니다. 혼자서도 충분한 사람이 관계 안에서도 더 건강하게 사랑할 수 있습니다. 진로 해석: 일에서는 성과, 재정적 안정, 자기관리, 프리랜스나 독립적 성취와 연결됩니다. 자신의 가치를 제대로 인정받아야 합니다. 조언 생성 참고: 스스로 이룬 것을 축소하지 마세요. 다만 성취가 외로움의 벽이 되지 않도록 마음도 열어두세요. Yes/No 경향: Yes. 점성/상징: None."
73,Ten of Pentacles,Minor,Pentacles,Earth,"Wealth, legacy, family, inheritance, establishment","Financial failure, family disputes","Long-lasting love, family wealth","Financial success, family business",Yes,,https://deckaura.com/blogs/guide/ten-of-pentacles-tarot-meaning,"장기적 안정, 가족, 유산, 물질적 기반이 완성되는 카드입니다. 개인의 성취를 넘어 오래 남는 구조를 만들 수 있습니다.","가족이나 재정 문제, 장기 계획의 균열이 나타날 수 있습니다. 겉보기 안정 뒤의 갈등을 정리해야 합니다.","관계에서는 결혼, 가족, 장기적 미래, 현실적인 안정이 중요한 주제입니다. 함께 만들 삶의 구조가 맞는지 확인하세요.","일에서는 장기 자산, 조직 안정, 승계, 부동산, 가족 사업과 연결될 수 있습니다. 순간의 수익보다 지속 가능한 기반이 중요합니다.",지금은 오래 남을 구조를 생각해야 합니다. 당장의 만족보다 미래의 안정성을 기준으로 선택하세요.,"카드명: Ten of Pentacles. 아르카나: Minor. 슈트: Pentacles. 원소: Earth. 정방향 해석: 장기적 안정, 가족, 유산, 물질적 기반이 완성되는 카드입니다. 개인의 성취를 넘어 오래 남는 구조를 만들 수 있습니다. 역방향 해석: 가족이나 재정 문제, 장기 계획의 균열이 나타날 수 있습니다. 겉보기 안정 뒤의 갈등을 정리해야 합니다. 연애 해석: 관계에서는 결혼, 가족, 장기적 미래, 현실적인 안정이 중요한 주제입니다. 함께 만들 삶의 구조가 맞는지 확인하세요. 진로 해석: 일에서는 장기 자산, 조직 안정, 승계, 부동산, 가족 사업과 연결될 수 있습니다. 순간의 수익보다 지속 가능한 기반이 중요합니다. 조언 생성 참고: 지금은 오래 남을 구조를 생각해야 합니다. 당장의 만족보다 미래의 안정성을 기준으로 선택하세요. Yes/No 경향: Yes. 점성/상징: None."
74,Page of Pentacles,Minor,Pentacles,Earth,"Ambition, studiousness, new financial opportunity","Lack of progress, procrastination","Steady new romance, building foundations","Scholarship, new job, study opportunity",Yes,,https://deckaura.com/blogs/guide/page-of-pentacles-tarot-meaning,현실적인 배움과 새로운 기회의 씨앗이 나타나는 카드입니다. 공부하고 계획하며 작게 시작하기 좋은 시기입니다.,계획은 있지만 실행이 늦어지거나 집중력이 부족할 수 있습니다. 목표를 너무 크게 잡기보다 첫 단계를 구체화해야 합니다.,관계에서는 천천히 신뢰를 쌓고 현실적인 태도로 다가가는 흐름입니다. 말보다 꾸준한 행동이 중요합니다.,"일에서는 공부, 자격증, 신입 기회, 재정적 시작과 연결됩니다. 성실한 준비가 미래의 기회를 만듭니다.",가능성을 현실로 만들려면 배움과 계획이 필요합니다. 작고 확실한 습관부터 시작하세요.,"카드명: Page of Pentacles. 아르카나: Minor. 슈트: Pentacles. 원소: Earth. 정방향 해석: 현실적인 배움과 새로운 기회의 씨앗이 나타나는 카드입니다. 공부하고 계획하며 작게 시작하기 좋은 시기입니다. 역방향 해석: 계획은 있지만 실행이 늦어지거나 집중력이 부족할 수 있습니다. 목표를 너무 크게 잡기보다 첫 단계를 구체화해야 합니다. 연애 해석: 관계에서는 천천히 신뢰를 쌓고 현실적인 태도로 다가가는 흐름입니다. 말보다 꾸준한 행동이 중요합니다. 진로 해석: 일에서는 공부, 자격증, 신입 기회, 재정적 시작과 연결됩니다. 성실한 준비가 미래의 기회를 만듭니다. 조언 생성 참고: 가능성을 현실로 만들려면 배움과 계획이 필요합니다. 작고 확실한 습관부터 시작하세요. Yes/No 경향: Yes. 점성/상징: None."
75,Knight of Pentacles,Minor,Pentacles,Earth,"Reliability, hard work, routine, patience","Boredom, laziness, feeling stuck","Loyal steady partner, slow romance","Reliable worker, methodical approach",Yes,,https://deckaura.com/blogs/guide/knight-of-pentacles-tarot-meaning,"느리지만 안정적으로 앞으로 가는 카드입니다. 성실함, 책임감, 반복적인 노력이 결국 신뢰를 만듭니다.","정체감, 지루함, 고집, 게으름이 흐름을 막을 수 있습니다. 안전만 고집하다가 변화의 기회를 놓치지 않도록 해야 합니다.",관계에서는 천천히 신뢰를 쌓는 안정적인 태도가 중요합니다. 화려한 표현보다 꾸준한 행동이 더 큰 의미를 가집니다.,"일에서는 루틴, 책임, 장기 업무, 안정적인 성과와 연결됩니다. 빠르진 않아도 꾸준함이 가장 큰 강점입니다.",지금 필요한 것은 폭발적인 속도가 아니라 신뢰할 수 있는 반복입니다. 다만 멈춰 있는 것과 꾸준한 것은 구분하세요.,"카드명: Knight of Pentacles. 아르카나: Minor. 슈트: Pentacles. 원소: Earth. 정방향 해석: 느리지만 안정적으로 앞으로 가는 카드입니다. 성실함, 책임감, 반복적인 노력이 결국 신뢰를 만듭니다. 역방향 해석: 정체감, 지루함, 고집, 게으름이 흐름을 막을 수 있습니다. 안전만 고집하다가 변화의 기회를 놓치지 않도록 해야 합니다. 연애 해석: 관계에서는 천천히 신뢰를 쌓는 안정적인 태도가 중요합니다. 화려한 표현보다 꾸준한 행동이 더 큰 의미를 가집니다. 진로 해석: 일에서는 루틴, 책임, 장기 업무, 안정적인 성과와 연결됩니다. 빠르진 않아도 꾸준함이 가장 큰 강점입니다. 조언 생성 참고: 지금 필요한 것은 폭발적인 속도가 아니라 신뢰할 수 있는 반복입니다. 다만 멈춰 있는 것과 꾸준한 것은 구분하세요. Yes/No 경향: Yes. 점성/상징: None."
76,Queen of Pentacles,Minor,Pentacles,Earth,"Nurturing, practical, financial security, homebody","Neglect, smothering, work-home imbalance","Caring partner, domestic happiness","Successful businesswoman, practical leader",Yes,,https://deckaura.com/blogs/guide/queen-of-pentacles-tarot-meaning,"현실적 돌봄, 안정, 생활의 풍요를 만드는 카드입니다. 마음만이 아니라 몸, 돈, 집, 일상의 균형이 중요합니다.","돌봄이 과해지거나 자신을 방치할 수 있습니다. 일과 집, 타인과 나 사이의 균형을 다시 맞춰야 합니다.",관계에서는 따뜻한 보살핌과 현실적인 안정감이 중요합니다. 그러나 상대를 챙기느라 자신의 욕구를 잃지 마세요.,"일에서는 실무 능력, 재정 관리, 생활형 리더십, 안정적인 운영이 강점이 됩니다. 현실 감각이 성과를 만듭니다.",누군가를 돌보는 만큼 나의 생활도 돌봐야 합니다. 안정은 큰 사건보다 매일의 작은 관리에서 만들어집니다.,"카드명: Queen of Pentacles. 아르카나: Minor. 슈트: Pentacles. 원소: Earth. 정방향 해석: 현실적 돌봄, 안정, 생활의 풍요를 만드는 카드입니다. 마음만이 아니라 몸, 돈, 집, 일상의 균형이 중요합니다. 역방향 해석: 돌봄이 과해지거나 자신을 방치할 수 있습니다. 일과 집, 타인과 나 사이의 균형을 다시 맞춰야 합니다. 연애 해석: 관계에서는 따뜻한 보살핌과 현실적인 안정감이 중요합니다. 그러나 상대를 챙기느라 자신의 욕구를 잃지 마세요. 진로 해석: 일에서는 실무 능력, 재정 관리, 생활형 리더십, 안정적인 운영이 강점이 됩니다. 현실 감각이 성과를 만듭니다. 조언 생성 참고: 누군가를 돌보는 만큼 나의 생활도 돌봐야 합니다. 안정은 큰 사건보다 매일의 작은 관리에서 만들어집니다. Yes/No 경향: Yes. 점성/상징: None."
77,King of Pentacles,Minor,Pentacles,Earth,"Wealth, business, leadership, security, discipline","Greed, indulgence, materialism","Stable provider, secure relationship","Business success, financial mastery",Yes,,https://deckaura.com/blogs/guide/king-of-pentacles-tarot-meaning,"부, 안정, 사업적 성공, 책임 있는 리더십을 의미합니다. 현실적인 판단과 절제된 관리가 큰 성과를 만듭니다.","물질에 대한 집착, 탐욕, 과한 소비나 권위적인 태도가 문제될 수 있습니다. 성공이 사람과 균형을 잃게 하지 않아야 합니다.","관계에서는 안정감, 책임, 현실적인 지원이 중요합니다. 다만 애정을 물질이나 통제로만 표현하지 않도록 주의하세요.","일에서는 사업, 관리, 재정적 성공, 리더십과 연결됩니다. 장기적 수익과 안정적인 구조를 만드는 데 유리합니다.",현실적인 힘을 잘 사용하세요. 성공은 소유하는 것뿐 아니라 책임 있게 지키고 나누는 데서 완성됩니다.,"카드명: King of Pentacles. 아르카나: Minor. 슈트: Pentacles. 원소: Earth. 정방향 해석: 부, 안정, 사업적 성공, 책임 있는 리더십을 의미합니다. 현실적인 판단과 절제된 관리가 큰 성과를 만듭니다. 역방향 해석: 물질에 대한 집착, 탐욕, 과한 소비나 권위적인 태도가 문제될 수 있습니다. 성공이 사람과 균형을 잃게 하지 않아야 합니다. 연애 해석: 관계에서는 안정감, 책임, 현실적인 지원이 중요합니다. 다만 애정을 물질이나 통제로만 표현하지 않도록 주의하세요. 진로 해석: 일에서는 사업, 관리, 재정적 성공, 리더십과 연결됩니다. 장기적 수익과 안정적인 구조를 만드는 데 유리합니다. 조언 생성 참고: 현실적인 힘을 잘 사용하세요. 성공은 소유하는 것뿐 아니라 책임 있게 지키고 나누는 데서 완성됩니다. Yes/No 경향: Yes. 점성/상징: None."
