chunk_id,type_code,type_name_en,type_name_ko,role_group,dimension,facet,trait_signal,rag_use,knowledge_text,source_url,source_section,copyright_note
FRAMEWORK_ASPECT_ENERGY,,,"",,framework,Energy / E-I,"Extraverted-Introverted","aspect_definition","Energy는 사람이 주변 환경 및 사회적 자극과 상호작용하는 방식을 설명한다. Extraverted 쪽은 집단 활동과 사회적 상호작용에서 에너지를 얻는 경향, Introverted 쪽은 혼자 하는 활동과 낮은 자극 환경을 선호하는 경향으로 해석한다.","https://www.16personalities.com/articles/our-theory","Five Personality Aspects > Energy","공개 자료를 한국어로 요약·재작성"
FRAMEWORK_ASPECT_MIND,,,"",,framework,Mind / N-S,"Intuitive-Observant","aspect_definition","Mind는 정보를 바라보고 처리하는 방식을 설명한다. Intuitive 쪽은 가능성, 새로움, 숨은 의미, 미래 지향적 상상을 중시하고, Observant 쪽은 실제 경험, 현재 또는 과거의 사실, 습관과 실용성을 중시한다.","https://www.16personalities.com/articles/our-theory","Five Personality Aspects > Mind","공개 자료를 한국어로 요약·재작성"
FRAMEWORK_ASPECT_NATURE,,,"",,framework,Nature / T-F,"Thinking-Feeling","aspect_definition","Nature는 의사결정과 감정 처리 방식을 설명한다. Thinking 쪽은 객관성, 논리, 효율을 우선하고, Feeling 쪽은 공감, 정서 표현, 협력과 사회적 조화를 더 중요하게 다룬다.","https://www.16personalities.com/articles/our-theory","Five Personality Aspects > Nature","공개 자료를 한국어로 요약·재작성"
FRAMEWORK_ASPECT_TACTICS,,,"",,framework,Tactics / J-P,"Judging-Prospecting","aspect_definition","Tactics는 일, 계획, 결정에 접근하는 방식을 설명한다. Judging 쪽은 구조, 예측 가능성, 명확한 결론을 선호하고, Prospecting 쪽은 유연성, 즉흥 대응, 선택지를 열어두는 방식을 선호한다.","https://www.16personalities.com/articles/our-theory","Five Personality Aspects > Tactics","공개 자료를 한국어로 요약·재작성"
FRAMEWORK_ASPECT_IDENTITY,,,"",,framework,Identity / A-T,"Assertive-Turbulent","aspect_definition","Identity는 자신의 능력과 결정에 대한 확신, 스트레스 반응, 자기 개선 압력을 설명한다. Assertive 쪽은 안정감과 자기 확신이 강하고, Turbulent 쪽은 민감성과 개선 욕구, 성취 압력이 더 크게 나타날 수 있다.","https://www.16personalities.com/articles/our-theory","Five Personality Aspects > Identity","공개 자료를 한국어로 요약·재작성"
ROLE_ANALYSTS,,,"",Analysts,role,NT Role,"Intuitive + Thinking","role_context","Analysts는 직관과 사고 성향이 결합된 역할군이다. 합리성, 독립성, 지적 탐구, 전략적 문제 해결을 중시하며, 아이디어와 시스템의 작동 원리를 분석하는 맥락에서 설명하기 좋다.","https://www.16personalities.com/articles/our-theory","Type Groups > Roles > Analysts","공개 자료를 한국어로 요약·재작성"
ROLE_DIPLOMATS,,,"",Diplomats,role,NF Role,"Intuitive + Feeling","role_context","Diplomats는 직관과 감정 성향이 결합된 역할군이다. 공감, 협력, 이상, 사람의 성장 가능성, 의미 중심의 선택을 설명할 때 유용하다.","https://www.16personalities.com/articles/our-theory","Type Groups > Roles > Diplomats","공개 자료를 한국어로 요약·재작성"
ROLE_SENTINELS,,,"",Sentinels,role,SJ Role,"Observant + Judging","role_context","Sentinels는 현실 관찰과 판단 성향이 결합된 역할군이다. 질서, 안정, 책임, 절차, 명확한 규칙, 실무적 관리 능력을 설명할 때 유용하다.","https://www.16personalities.com/articles/our-theory","Type Groups > Roles > Sentinels","공개 자료를 한국어로 요약·재작성"
ROLE_EXPLORERS,,,"",Explorers,role,SP Role,"Observant + Prospecting","role_context","Explorers는 현실 관찰과 탐색 성향이 결합된 역할군이다. 즉흥성, 유연성, 도구 활용, 현장 대응, 실제 경험 중심의 문제 해결을 설명할 때 유용하다.","https://www.16personalities.com/articles/our-theory","Type Groups > Roles > Explorers","공개 자료를 한국어로 요약·재작성"
STRATEGY_CONFIDENT_INDIVIDUALISM,,,"",,strategy,I___-A,"Introverted + Assertive","strategy_context","Confident Individualism은 내향성과 자기 확신이 결합된 전략이다. 혼자 판단하고 실행하는 선호, 타인의 평가보다 자신의 기준을 신뢰하는 맥락을 설명할 때 사용할 수 있다.","https://www.16personalities.com/articles/our-theory","Type Groups > Strategies > Confident Individualism","공개 자료를 한국어로 요약·재작성"
STRATEGY_PEOPLE_MASTERY,,,"",,strategy,E___-A,"Extraverted + Assertive","strategy_context","People Mastery는 외향성과 자기 확신이 결합된 전략이다. 사회적 상황에서의 자신감, 의견 표현, 타인과의 상호작용을 통한 목표 달성 맥락을 설명할 때 사용할 수 있다.","https://www.16personalities.com/articles/our-theory","Type Groups > Strategies > People Mastery","공개 자료를 한국어로 요약·재작성"
STRATEGY_CONSTANT_IMPROVEMENT,,,"",,strategy,I___-T,"Introverted + Turbulent","strategy_context","Constant Improvement는 내향성과 민감한 자기 점검이 결합된 전략이다. 조용한 성취 지향, 완성도에 대한 긴장, 자기 개선 욕구를 설명할 때 사용할 수 있다.","https://www.16personalities.com/articles/our-theory","Type Groups > Strategies > Constant Improvement","공개 자료를 한국어로 요약·재작성"
STRATEGY_SOCIAL_ENGAGEMENT,,,"",,strategy,E___-T,"Extraverted + Turbulent","strategy_context","Social Engagement는 외향성과 민감한 성취 욕구가 결합된 전략이다. 사회적 활동성, 타인의 평가에 대한 민감성, 높은 성취 동기를 함께 설명할 때 사용할 수 있다.","https://www.16personalities.com/articles/our-theory","Type Groups > Strategies > Social Engagement","공개 자료를 한국어로 요약·재작성"
INTJ_CORE,INTJ,Architect,전략가,Analysts,type_core,"core orientation","I;N;T;J","type_overview","INTJ는 독립적인 사고, 장기적 목표, 체계 설계, 전략적 문제 해결과 관련된 유형이다. 추상적인 가능성을 현실적인 계획으로 정리하고 비효율을 개선하려는 맥락에서 설명하기 좋다.","https://www.16personalities.com/intj-personality","Architect overview","공개 자료를 한국어로 요약·재작성"
INTJ_STRENGTH,INTJ,Architect,전략가,Analysts,type_facet,strengths,"strategy;systems;independence","strength_context","강점 맥락에서는 복잡한 문제를 큰 그림으로 보고, 논리적 구조를 세우며, 독립적으로 판단하는 능력을 강조할 수 있다.","https://www.16personalities.com/intj-personality","Strengths and Weaknesses","공개 자료를 한국어로 요약·재작성"
INTJ_CHALLENGE,INTJ,Architect,전략가,Analysts,type_facet,challenges,"perfectionism;distance;rigidity","caution_context","주의 맥락에서는 높은 기준이 타인에게 차갑게 느껴지거나, 감정적 신호를 놓칠 수 있다는 점을 부드럽게 다룬다. 단, 비사교적이거나 감정이 없다고 단정하지 않는다.","https://www.16personalities.com/intj-personality","Strengths and Weaknesses","공개 자료를 한국어로 요약·재작성"
INTJ_RELATION,INTJ,Architect,전략가,Analysts,type_facet,relationships,"directness;respect;depth","relationship_context","관계 맥락에서는 피상적 교류보다 상호 존중, 지적 대화, 분명한 의사소통을 선호하는 경향으로 설명할 수 있다.","https://www.16personalities.com/intj-personality","Relationships","공개 자료를 한국어로 요약·재작성"
INTJ_WORK,INTJ,Architect,전략가,Analysts,type_facet,work_style,"autonomy;planning;optimization","work_context","업무 맥락에서는 자율성, 장기 계획, 시스템 개선, 전문성 기반의 성과를 선호하는 자료로 사용할 수 있다.","https://www.16personalities.com/intj-personality","Career Paths / Workplace Habits","공개 자료를 한국어로 요약·재작성"
INTP_CORE,INTP,Logician,논리술사,Analysts,type_core,"core orientation","I;N;T;P","type_overview","INTP는 개념, 원리, 논리적 일관성, 가능성 탐색과 관련된 유형이다. 즉각적인 결론보다 문제의 구조와 설명 가능성을 먼저 살피는 맥락에서 설명하기 좋다.","https://www.16personalities.com/intp-personality","Logician overview","공개 자료를 한국어로 요약·재작성"
INTP_STRENGTH,INTP,Logician,논리술사,Analysts,type_facet,strengths,"analysis;curiosity;originality","strength_context","강점 맥락에서는 호기심, 독창적 사고, 복잡한 주제의 원리 분석, 기존 가정에 대한 검토 능력을 강조할 수 있다.","https://www.16personalities.com/intp-personality","Strengths and Weaknesses","공개 자료를 한국어로 요약·재작성"
INTP_CHALLENGE,INTP,Logician,논리술사,Analysts,type_facet,challenges,"overthinking;detachment;follow-through","caution_context","주의 맥락에서는 생각이 길어져 실행이 늦어지거나, 정서적 맥락보다 논리 검토가 앞설 수 있음을 설명한다. 단, 사회성이 없다고 단정하지 않는다.","https://www.16personalities.com/intp-personality","Strengths and Weaknesses","공개 자료를 한국어로 요약·재작성"
INTP_RELATION,INTP,Logician,논리술사,Analysts,type_facet,relationships,"ideas;space;honesty","relationship_context","관계 맥락에서는 지적 자극, 개인적 공간, 솔직한 대화가 중요할 수 있다는 자료로 사용할 수 있다.","https://www.16personalities.com/intp-personality","Relationships","공개 자료를 한국어로 요약·재작성"
INTP_WORK,INTP,Logician,논리술사,Analysts,type_facet,work_style,"research;models;flexibility","work_context","업무 맥락에서는 연구, 분석 모델, 문제 원인 탐색, 자율적인 탐구 환경을 선호하는 경향으로 설명할 수 있다.","https://www.16personalities.com/intp-personality","Career Paths / Workplace Habits","공개 자료를 한국어로 요약·재작성"
ENTJ_CORE,ENTJ,Commander,통솔자,Analysts,type_core,"core orientation","E;N;T;J","type_overview","ENTJ는 목표 설정, 전략 수립, 조직화, 추진력과 관련된 유형이다. 큰 그림을 보고 자원과 사람을 정렬해 결과를 만들려는 맥락에서 설명하기 좋다.","https://www.16personalities.com/entj-personality","Commander overview","공개 자료를 한국어로 요약·재작성"
ENTJ_STRENGTH,ENTJ,Commander,통솔자,Analysts,type_facet,strengths,"leadership;efficiency;decisiveness","strength_context","강점 맥락에서는 결단력, 효율성, 리더십, 장기 목표를 실행 계획으로 바꾸는 능력을 강조할 수 있다.","https://www.16personalities.com/entj-personality","Strengths and Weaknesses","공개 자료를 한국어로 요약·재작성"
ENTJ_CHALLENGE,ENTJ,Commander,통솔자,Analysts,type_facet,challenges,"impatience;dominance;emotional_blind_spots","caution_context","주의 맥락에서는 빠른 판단과 높은 기준이 주변 사람에게 압박으로 느껴질 수 있음을 다룬다. 단, 강압적이거나 공감 능력이 없다고 단정하지 않는다.","https://www.16personalities.com/entj-personality","Strengths and Weaknesses","공개 자료를 한국어로 요약·재작성"
ENTJ_RELATION,ENTJ,Commander,통솔자,Analysts,type_facet,relationships,"growth;directness;ambition","relationship_context","관계 맥락에서는 서로의 성장, 명확한 대화, 목표 지향적 협력을 중요하게 여길 수 있다는 자료로 사용할 수 있다.","https://www.16personalities.com/entj-personality","Relationships","공개 자료를 한국어로 요약·재작성"
ENTJ_WORK,ENTJ,Commander,통솔자,Analysts,type_facet,work_style,"management;strategy;execution","work_context","업무 맥락에서는 관리, 전략, 의사결정, 성과 책임이 있는 역할에서 동기가 커질 수 있다는 자료로 사용할 수 있다.","https://www.16personalities.com/entj-personality","Career Paths / Workplace Habits","공개 자료를 한국어로 요약·재작성"
ENTP_CORE,ENTP,Debater,변론가,Analysts,type_core,"core orientation","E;N;T;P","type_overview","ENTP는 새로운 관점, 아이디어 실험, 논리적 토론, 대안 탐색과 관련된 유형이다. 기존 방식을 재검토하고 더 나은 가능성을 찾는 맥락에서 설명하기 좋다.","https://www.16personalities.com/entp-personality","Debater overview","공개 자료를 한국어로 요약·재작성"
ENTP_STRENGTH,ENTP,Debater,변론가,Analysts,type_facet,strengths,"innovation;debate;adaptability","strength_context","강점 맥락에서는 빠른 아이디어 생성, 논리적 반박, 변화에 대한 적응, 새로운 해결책 제안을 강조할 수 있다.","https://www.16personalities.com/entp-personality","Strengths and Weaknesses","공개 자료를 한국어로 요약·재작성"
ENTP_CHALLENGE,ENTP,Debater,변론가,Analysts,type_facet,challenges,"restlessness;argumentative_tone;unfinished_tasks","caution_context","주의 맥락에서는 새로운 자극을 선호해 마무리가 느슨해지거나, 토론 방식이 강하게 느껴질 수 있음을 설명한다. 단, 반항적이라고 단정하지 않는다.","https://www.16personalities.com/entp-personality","Strengths and Weaknesses","공개 자료를 한국어로 요약·재작성"
ENTP_RELATION,ENTP,Debater,변론가,Analysts,type_facet,relationships,"stimulation;humor;freedom","relationship_context","관계 맥락에서는 지적 자극, 유머, 자유로운 의견 교환이 중요할 수 있다는 자료로 사용할 수 있다.","https://www.16personalities.com/entp-personality","Relationships","공개 자료를 한국어로 요약·재작성"
ENTP_WORK,ENTP,Debater,변론가,Analysts,type_facet,work_style,"ideation;problem_reframing;experimentation","work_context","업무 맥락에서는 문제 재정의, 실험, 기획, 새로운 방식 제안이 필요한 환경에서 강점이 나타날 수 있다.","https://www.16personalities.com/entp-personality","Career Paths / Workplace Habits","공개 자료를 한국어로 요약·재작성"
INFJ_CORE,INFJ,Advocate,옹호자,Diplomats,type_core,"core orientation","I;N;F;J","type_overview","INFJ는 의미 탐색, 가치 지향, 사람의 동기 이해, 장기적 방향성과 관련된 유형이다. 표면적 행동보다 그 안의 의미와 영향을 해석하는 맥락에서 설명하기 좋다.","https://www.16personalities.com/infj-personality","Advocate overview","공개 자료를 한국어로 요약·재작성"
INFJ_STRENGTH,INFJ,Advocate,옹호자,Diplomats,type_facet,strengths,"insight;empathy;purpose","strength_context","강점 맥락에서는 깊은 통찰, 공감, 원칙 있는 목표 의식, 사람의 성장 가능성을 보는 능력을 강조할 수 있다.","https://www.16personalities.com/infj-personality","Strengths and Weaknesses","공개 자료를 한국어로 요약·재작성"
INFJ_CHALLENGE,INFJ,Advocate,옹호자,Diplomats,type_facet,challenges,"idealism;privacy;burnout","caution_context","주의 맥락에서는 이상과 현실 사이에서 부담을 느끼거나, 자기 내면을 쉽게 드러내지 않을 수 있음을 설명한다. 특별한 능력처럼 과장하지 않는다.","https://www.16personalities.com/infj-personality","Strengths and Weaknesses","공개 자료를 한국어로 요약·재작성"
INFJ_RELATION,INFJ,Advocate,옹호자,Diplomats,type_facet,relationships,"depth;trust;shared_values","relationship_context","관계 맥락에서는 깊이 있는 대화, 신뢰, 공유 가치, 진정성 있는 관계를 선호할 수 있다는 자료로 사용할 수 있다.","https://www.16personalities.com/infj-personality","Relationships","공개 자료를 한국어로 요약·재작성"
INFJ_WORK,INFJ,Advocate,옹호자,Diplomats,type_facet,work_style,"meaningful_work;guidance;long_term_impact","work_context","업무 맥락에서는 의미 있는 영향, 상담·지원, 장기적 개선, 가치 기반 프로젝트에서 동기가 커질 수 있다.","https://www.16personalities.com/infj-personality","Career Paths / Workplace Habits","공개 자료를 한국어로 요약·재작성"
INFP_CORE,INFP,Mediator,중재자,Diplomats,type_core,"core orientation","I;N;F;P","type_overview","INFP는 개인적 가치, 진정성, 상상력, 가능성 중심의 해석과 관련된 유형이다. 효율보다 의미 있는 선택과 사람의 내면을 살피는 맥락에서 설명하기 좋다.","https://www.16personalities.com/infp-personality","Mediator overview","공개 자료를 한국어로 요약·재작성"
INFP_STRENGTH,INFP,Mediator,중재자,Diplomats,type_facet,strengths,"authenticity;compassion;creativity","strength_context","강점 맥락에서는 진정성, 공감, 창의성, 개인의 잠재력과 의미를 발견하는 능력을 강조할 수 있다.","https://www.16personalities.com/infp-personality","Strengths and Weaknesses","공개 자료를 한국어로 요약·재작성"
INFP_CHALLENGE,INFP,Mediator,중재자,Diplomats,type_facet,challenges,"sensitivity;idealism;avoidance","caution_context","주의 맥락에서는 이상이 높아 실망을 크게 느끼거나 갈등을 피하려는 경향이 나타날 수 있음을 설명한다. 현실성이 없다고 단정하지 않는다.","https://www.16personalities.com/infp-personality","Strengths and Weaknesses","공개 자료를 한국어로 요약·재작성"
INFP_RELATION,INFP,Mediator,중재자,Diplomats,type_facet,relationships,"authentic_bond;empathy;space","relationship_context","관계 맥락에서는 진정성 있는 유대, 상호 이해, 개인적 공간과 감정적 안전감이 중요할 수 있다.","https://www.16personalities.com/infp-personality","Relationships","공개 자료를 한국어로 요약·재작성"
INFP_WORK,INFP,Mediator,중재자,Diplomats,type_facet,work_style,"creative_expression;values;helping","work_context","업무 맥락에서는 창작, 글쓰기, 상담, 사회적 가치, 개인의 의미가 연결된 일에서 동기가 커질 수 있다.","https://www.16personalities.com/infp-personality","Career Paths / Workplace Habits","공개 자료를 한국어로 요약·재작성"
ENFJ_CORE,ENFJ,Protagonist,선도자,Diplomats,type_core,"core orientation","E;N;F;J","type_overview","ENFJ는 사람의 성장 가능성, 집단의 방향성, 공감 기반 리더십과 관련된 유형이다. 사람과 목표를 연결해 긍정적 변화를 만들려는 맥락에서 설명하기 좋다.","https://www.16personalities.com/enfj-personality","Protagonist overview","공개 자료를 한국어로 요약·재작성"
ENFJ_STRENGTH,ENFJ,Protagonist,선도자,Diplomats,type_facet,strengths,"empathy;influence;organization","strength_context","강점 맥락에서는 공감, 설득, 조직화, 타인의 동기를 높이고 공동의 방향을 만드는 능력을 강조할 수 있다.","https://www.16personalities.com/enfj-personality","Strengths and Weaknesses","공개 자료를 한국어로 요약·재작성"
ENFJ_CHALLENGE,ENFJ,Protagonist,선도자,Diplomats,type_facet,challenges,"overcommitment;approval;self_neglect","caution_context","주의 맥락에서는 타인을 돕는 과정에서 스스로를 뒤로 미루거나, 기대에 민감해질 수 있음을 설명한다. 항상 리더라고 단정하지 않는다.","https://www.16personalities.com/enfj-personality","Strengths and Weaknesses","공개 자료를 한국어로 요약·재작성"
ENFJ_RELATION,ENFJ,Protagonist,선도자,Diplomats,type_facet,relationships,"support;shared_growth;warmth","relationship_context","관계 맥락에서는 서로의 성장을 돕고, 따뜻한 소통과 명확한 관심 표현을 중요하게 여길 수 있다.","https://www.16personalities.com/enfj-personality","Relationships","공개 자료를 한국어로 요약·재작성"
ENFJ_WORK,ENFJ,Protagonist,선도자,Diplomats,type_facet,work_style,"mentoring;coordination;mission","work_context","업무 맥락에서는 멘토링, 교육, 조직 조율, 미션 중심 프로젝트에서 강점이 나타날 수 있다.","https://www.16personalities.com/enfj-personality","Career Paths / Workplace Habits","공개 자료를 한국어로 요약·재작성"
ENFP_CORE,ENFP,Campaigner,활동가,Diplomats,type_core,"core orientation","E;N;F;P","type_overview","ENFP는 가능성 연결, 사람과 아이디어에 대한 열정, 창의적 탐색과 관련된 유형이다. 새로운 경험과 의미 있는 관계를 열어두는 맥락에서 설명하기 좋다.","https://www.16personalities.com/enfp-personality","Campaigner overview","공개 자료를 한국어로 요약·재작성"
ENFP_STRENGTH,ENFP,Campaigner,활동가,Diplomats,type_facet,strengths,"enthusiasm;creativity;connection","strength_context","강점 맥락에서는 활기, 창의성, 사람과 아이디어를 연결하는 능력, 빠른 가능성 포착을 강조할 수 있다.","https://www.16personalities.com/enfp-personality","Strengths and Weaknesses","공개 자료를 한국어로 요약·재작성"
ENFP_CHALLENGE,ENFP,Campaigner,활동가,Diplomats,type_facet,challenges,"scattered_focus;overextension;routine_fatigue","caution_context","주의 맥락에서는 관심사가 넓어 집중이 분산되거나 반복적 루틴에서 피로를 느낄 수 있음을 설명한다. 산만하다고 단정하지 않는다.","https://www.16personalities.com/enfp-personality","Strengths and Weaknesses","공개 자료를 한국어로 요약·재작성"
ENFP_RELATION,ENFP,Campaigner,활동가,Diplomats,type_facet,relationships,"warmth;novelty;emotional_openness","relationship_context","관계 맥락에서는 정서적 개방성, 따뜻함, 새로운 경험 공유, 자유로운 소통이 중요할 수 있다.","https://www.16personalities.com/enfp-personality","Relationships","공개 자료를 한국어로 요약·재작성"
ENFP_WORK,ENFP,Campaigner,활동가,Diplomats,type_facet,work_style,"brainstorming;people_work;creative_projects","work_context","업무 맥락에서는 브레인스토밍, 사람 중심 업무, 창의 프로젝트, 변화가 있는 환경에서 동기가 커질 수 있다.","https://www.16personalities.com/enfp-personality","Career Paths / Workplace Habits","공개 자료를 한국어로 요약·재작성"
ISTJ_CORE,ISTJ,Logistician,현실주의자,Sentinels,type_core,"core orientation","I;S;T;J","type_overview","ISTJ는 현실 정보, 책임, 절차, 안정적 실행과 관련된 유형이다. 검증된 방식과 명확한 기준을 바탕으로 일을 차분하게 수행하는 맥락에서 설명하기 좋다.","https://www.16personalities.com/istj-personality","Logistician overview","공개 자료를 한국어로 요약·재작성"
ISTJ_STRENGTH,ISTJ,Logistician,현실주의자,Sentinels,type_facet,strengths,"reliability;accuracy;discipline","strength_context","강점 맥락에서는 신뢰성, 정확성, 책임감, 세부 절차를 꾸준히 지키는 능력을 강조할 수 있다.","https://www.16personalities.com/istj-personality","Strengths and Weaknesses","공개 자료를 한국어로 요약·재작성"
ISTJ_CHALLENGE,ISTJ,Logistician,현실주의자,Sentinels,type_facet,challenges,"rigidity;change_resistance;bluntness","caution_context","주의 맥락에서는 검증된 방식을 선호해 변화 수용이 느릴 수 있음을 설명한다. 고집이 세거나 융통성이 없다고 단정하지 않는다.","https://www.16personalities.com/istj-personality","Strengths and Weaknesses","공개 자료를 한국어로 요약·재작성"
ISTJ_RELATION,ISTJ,Logistician,현실주의자,Sentinels,type_facet,relationships,"loyalty;consistency;clear_expectations","relationship_context","관계 맥락에서는 꾸준함, 약속 이행, 명확한 기대치, 실질적 도움을 중요하게 여길 수 있다.","https://www.16personalities.com/istj-personality","Relationships","공개 자료를 한국어로 요약·재작성"
ISTJ_WORK,ISTJ,Logistician,현실주의자,Sentinels,type_facet,work_style,"procedure;records;responsibility","work_context","업무 맥락에서는 절차 준수, 기록 관리, 품질 관리, 책임이 분명한 역할에서 안정적으로 수행할 수 있다.","https://www.16personalities.com/istj-personality","Career Paths / Workplace Habits","공개 자료를 한국어로 요약·재작성"
ISFJ_CORE,ISFJ,Defender,수호자,Sentinels,type_core,"core orientation","I;S;F;J","type_overview","ISFJ는 세심한 배려, 안정적인 관계, 책임 있는 지원과 관련된 유형이다. 익숙한 환경에서 주변 사람의 필요를 조용히 살피는 맥락에서 설명하기 좋다.","https://www.16personalities.com/isfj-personality","Defender overview","공개 자료를 한국어로 요약·재작성"
ISFJ_STRENGTH,ISFJ,Defender,수호자,Sentinels,type_facet,strengths,"care;memory;support","strength_context","강점 맥락에서는 세부 기억, 성실한 지원, 배려, 꾸준한 책임 이행을 강조할 수 있다.","https://www.16personalities.com/isfj-personality","Strengths and Weaknesses","공개 자료를 한국어로 요약·재작성"
ISFJ_CHALLENGE,ISFJ,Defender,수호자,Sentinels,type_facet,challenges,"self_sacrifice;conflict_avoidance;overload","caution_context","주의 맥락에서는 타인을 돕느라 자신의 필요를 뒤로 미루거나 갈등 표현이 어려울 수 있음을 설명한다. 자기주장이 없다고 단정하지 않는다.","https://www.16personalities.com/isfj-personality","Strengths and Weaknesses","공개 자료를 한국어로 요약·재작성"
ISFJ_RELATION,ISFJ,Defender,수호자,Sentinels,type_facet,relationships,"devotion;practical_help;stability","relationship_context","관계 맥락에서는 안정감, 실질적 도움, 세심한 관심, 신뢰가 중요한 요소로 작용할 수 있다.","https://www.16personalities.com/isfj-personality","Relationships","공개 자료를 한국어로 요약·재작성"
ISFJ_WORK,ISFJ,Defender,수호자,Sentinels,type_facet,work_style,"service;detail;dependability","work_context","업무 맥락에서는 서비스, 돌봄, 행정, 세부 지원, 안정적 운영이 필요한 역할에서 강점이 나타날 수 있다.","https://www.16personalities.com/isfj-personality","Career Paths / Workplace Habits","공개 자료를 한국어로 요약·재작성"
ESTJ_CORE,ESTJ,Executive,경영자,Sentinels,type_core,"core orientation","E;S;T;J","type_overview","ESTJ는 명확한 기준, 조직화, 실질적 실행, 결과 중심 관리와 관련된 유형이다. 역할과 절차를 정리해 목표를 완수하는 맥락에서 설명하기 좋다.","https://www.16personalities.com/estj-personality","Executive overview","공개 자료를 한국어로 요약·재작성"
ESTJ_STRENGTH,ESTJ,Executive,경영자,Sentinels,type_facet,strengths,"organization;leadership;practical_execution","strength_context","강점 맥락에서는 조직화, 실행력, 현실적 판단, 기준을 세우고 지키는 능력을 강조할 수 있다.","https://www.16personalities.com/estj-personality","Strengths and Weaknesses","공개 자료를 한국어로 요약·재작성"
ESTJ_CHALLENGE,ESTJ,Executive,경영자,Sentinels,type_facet,challenges,"inflexibility;impatience;control","caution_context","주의 맥락에서는 명확한 기준이 강한 통제로 느껴지거나 다른 관점을 받아들이는 데 시간이 걸릴 수 있음을 설명한다. 권위적이라고 단정하지 않는다.","https://www.16personalities.com/estj-personality","Strengths and Weaknesses","공개 자료를 한국어로 요약·재작성"
ESTJ_RELATION,ESTJ,Executive,경영자,Sentinels,type_facet,relationships,"responsibility;directness;shared_duties","relationship_context","관계 맥락에서는 책임 분담, 직접적인 의사소통, 약속 이행, 현실적 지원을 중요하게 여길 수 있다.","https://www.16personalities.com/estj-personality","Relationships","공개 자료를 한국어로 요약·재작성"
ESTJ_WORK,ESTJ,Executive,경영자,Sentinels,type_facet,work_style,"operations;management;rules","work_context","업무 맥락에서는 운영 관리, 일정 통제, 규칙 기반 의사결정, 성과 관리에서 강점이 나타날 수 있다.","https://www.16personalities.com/estj-personality","Career Paths / Workplace Habits","공개 자료를 한국어로 요약·재작성"
ESFJ_CORE,ESFJ,Consul,집정관,Sentinels,type_core,"core orientation","E;S;F;J","type_overview","ESFJ는 협력, 관계 안정, 실제적인 도움, 공동체의 질서와 관련된 유형이다. 주변 사람의 필요와 분위기를 살피는 맥락에서 설명하기 좋다.","https://www.16personalities.com/esfj-personality","Consul overview","공개 자료를 한국어로 요약·재작성"
ESFJ_STRENGTH,ESFJ,Consul,집정관,Sentinels,type_facet,strengths,"cooperation;warmth;practical_support","strength_context","강점 맥락에서는 협력, 따뜻한 소통, 세심한 지원, 공동체 유지 능력을 강조할 수 있다.","https://www.16personalities.com/esfj-personality","Strengths and Weaknesses","공개 자료를 한국어로 요약·재작성"
ESFJ_CHALLENGE,ESFJ,Consul,집정관,Sentinels,type_facet,challenges,"approval_sensitivity;conflict_stress;tradition_bias","caution_context","주의 맥락에서는 타인의 평가나 관계 긴장에 민감할 수 있음을 설명한다. 의존적이거나 독립성이 낮다고 단정하지 않는다.","https://www.16personalities.com/esfj-personality","Strengths and Weaknesses","공개 자료를 한국어로 요약·재작성"
ESFJ_RELATION,ESFJ,Consul,집정관,Sentinels,type_facet,relationships,"belonging;care;shared_routines","relationship_context","관계 맥락에서는 소속감, 돌봄, 일상적 관심 표현, 안정적인 루틴이 중요한 요소로 작용할 수 있다.","https://www.16personalities.com/esfj-personality","Relationships","공개 자료를 한국어로 요약·재작성"
ESFJ_WORK,ESFJ,Consul,집정관,Sentinels,type_facet,work_style,"team_support;service;coordination","work_context","업무 맥락에서는 팀 지원, 고객 응대, 조율, 실무 운영처럼 사람과 절차가 함께 필요한 역할에서 강점이 나타날 수 있다.","https://www.16personalities.com/esfj-personality","Career Paths / Workplace Habits","공개 자료를 한국어로 요약·재작성"
ISTP_CORE,ISTP,Virtuoso,장인,Explorers,type_core,"core orientation","I;S;T;P","type_overview","ISTP는 현장 관찰, 실용적 문제 해결, 도구와 기술의 작동 방식, 유연한 대응과 관련된 유형이다. 직접 해보며 원리를 파악하는 맥락에서 설명하기 좋다.","https://www.16personalities.com/istp-personality","Virtuoso overview","공개 자료를 한국어로 요약·재작성"
ISTP_STRENGTH,ISTP,Virtuoso,장인,Explorers,type_facet,strengths,"hands_on;troubleshooting;calmness","strength_context","강점 맥락에서는 손으로 직접 해결하는 능력, 침착한 문제 분석, 실용적 판단, 위기 대응을 강조할 수 있다.","https://www.16personalities.com/istp-personality","Strengths and Weaknesses","공개 자료를 한국어로 요약·재작성"
ISTP_CHALLENGE,ISTP,Virtuoso,장인,Explorers,type_facet,challenges,"risk;emotional_distance;routine_resistance","caution_context","주의 맥락에서는 반복적 규칙에 피로를 느끼거나 감정 설명을 간결히 처리할 수 있음을 설명한다. 무관심하다고 단정하지 않는다.","https://www.16personalities.com/istp-personality","Strengths and Weaknesses","공개 자료를 한국어로 요약·재작성"
ISTP_RELATION,ISTP,Virtuoso,장인,Explorers,type_facet,relationships,"space;shared_activity;directness","relationship_context","관계 맥락에서는 개인적 공간, 함께 하는 활동, 직접적이고 간결한 소통이 중요할 수 있다.","https://www.16personalities.com/istp-personality","Relationships","공개 자료를 한국어로 요약·재작성"
ISTP_WORK,ISTP,Virtuoso,장인,Explorers,type_facet,work_style,"technical_tasks;repair;field_problem_solving","work_context","업무 맥락에서는 기술 작업, 수리, 현장 문제 해결, 도구 활용이 필요한 환경에서 강점이 나타날 수 있다.","https://www.16personalities.com/istp-personality","Career Paths / Workplace Habits","공개 자료를 한국어로 요약·재작성"
ISFP_CORE,ISFP,Adventurer,모험가,Explorers,type_core,"core orientation","I;S;F;P","type_overview","ISFP는 현재의 경험, 개인적 가치, 감각적 표현, 조용한 유연성과 관련된 유형이다. 자신에게 편안하고 진정성 있는 방식으로 환경에 반응하는 맥락에서 설명하기 좋다.","https://www.16personalities.com/isfp-personality","Adventurer overview","공개 자료를 한국어로 요약·재작성"
ISFP_STRENGTH,ISFP,Adventurer,모험가,Explorers,type_facet,strengths,"aesthetic_sense;kindness;adaptability","strength_context","강점 맥락에서는 미적 감각, 부드러운 배려, 현재 경험에 대한 민감성, 유연한 적응을 강조할 수 있다.","https://www.16personalities.com/isfp-personality","Strengths and Weaknesses","공개 자료를 한국어로 요약·재작성"
ISFP_CHALLENGE,ISFP,Adventurer,모험가,Explorers,type_facet,challenges,"avoidance;long_term_planning;self_expression","caution_context","주의 맥락에서는 장기 계획보다 현재 감각을 우선하거나 갈등 표현을 피할 수 있음을 설명한다. 소극적이라고 단정하지 않는다.","https://www.16personalities.com/isfp-personality","Strengths and Weaknesses","공개 자료를 한국어로 요약·재작성"
ISFP_RELATION,ISFP,Adventurer,모험가,Explorers,type_facet,relationships,"gentleness;authenticity;comfort","relationship_context","관계 맥락에서는 편안함, 진정성, 조용한 관심, 개인의 취향을 존중받는 경험이 중요할 수 있다.","https://www.16personalities.com/isfp-personality","Relationships","공개 자료를 한국어로 요약·재작성"
ISFP_WORK,ISFP,Adventurer,모험가,Explorers,type_facet,work_style,"creative_craft;hands_on;personal_values","work_context","업무 맥락에서는 창작, 디자인, 실습, 돌봄, 개인 가치가 반영되는 역할에서 동기가 커질 수 있다.","https://www.16personalities.com/isfp-personality","Career Paths / Workplace Habits","공개 자료를 한국어로 요약·재작성"
ESTP_CORE,ESTP,Entrepreneur,사업가,Explorers,type_core,"core orientation","E;S;T;P","type_overview","ESTP는 현재 상황에 빠르게 반응하고 직접 실행하며 결과를 확인하는 유형이다. 기회를 포착하고 현실적 행동으로 문제를 해결하는 맥락에서 설명하기 좋다.","https://www.16personalities.com/estp-personality","Entrepreneur overview","공개 자료를 한국어로 요약·재작성"
ESTP_STRENGTH,ESTP,Entrepreneur,사업가,Explorers,type_facet,strengths,"action;persuasion;crisis_response","strength_context","강점 맥락에서는 실행력, 설득력, 현장 판단, 위기 속 빠른 대응, 현실적 기회 포착을 강조할 수 있다.","https://www.16personalities.com/estp-personality","Strengths and Weaknesses","공개 자료를 한국어로 요약·재작성"
ESTP_CHALLENGE,ESTP,Entrepreneur,사업가,Explorers,type_facet,challenges,"impatience;risk_taking;routine_boredom","caution_context","주의 맥락에서는 지루한 반복보다 즉각적 결과를 선호해 장기 계획이 느슨해질 수 있음을 설명한다. 무모하다고 단정하지 않는다.","https://www.16personalities.com/estp-personality","Strengths and Weaknesses","공개 자료를 한국어로 요약·재작성"
ESTP_RELATION,ESTP,Entrepreneur,사업가,Explorers,type_facet,relationships,"activity;confidence;direct_fun","relationship_context","관계 맥락에서는 함께 하는 활동, 즉각적인 즐거움, 직접적이고 활기 있는 상호작용을 선호할 수 있다.","https://www.16personalities.com/estp-personality","Relationships","공개 자료를 한국어로 요약·재작성"
ESTP_WORK,ESTP,Entrepreneur,사업가,Explorers,type_facet,work_style,"sales;fieldwork;competition","work_context","업무 맥락에서는 영업, 현장 업무, 경쟁적 환경, 빠른 판단과 행동이 필요한 역할에서 강점이 나타날 수 있다.","https://www.16personalities.com/estp-personality","Career Paths / Workplace Habits","공개 자료를 한국어로 요약·재작성"
ESFP_CORE,ESFP,Entertainer,연예인,Explorers,type_core,"core orientation","E;S;F;P","type_overview","ESFP는 사람들과 함께하는 경험, 현재의 즐거움, 분위기 적응, 감각적 활기와 관련된 유형이다. 현실의 자극과 관계 속에서 에너지를 만드는 맥락에서 설명하기 좋다.","https://www.16personalities.com/esfp-personality","Entertainer overview","공개 자료를 한국어로 요약·재작성"
ESFP_STRENGTH,ESFP,Entertainer,연예인,Explorers,type_facet,strengths,"sociability;spontaneity;warmth","strength_context","강점 맥락에서는 친화력, 즉흥적 적응, 따뜻한 분위기 형성, 현재 경험을 즐기는 능력을 강조할 수 있다.","https://www.16personalities.com/esfp-personality","Strengths and Weaknesses","공개 자료를 한국어로 요약·재작성"
ESFP_CHALLENGE,ESFP,Entertainer,연예인,Explorers,type_facet,challenges,"long_term_focus;avoidance;impulsivity","caution_context","주의 맥락에서는 장기적 계획이나 반복적 관리보다 현재 경험을 우선할 수 있음을 설명한다. 가볍거나 깊이가 없다고 단정하지 않는다.","https://www.16personalities.com/esfp-personality","Strengths and Weaknesses","공개 자료를 한국어로 요약·재작성"
ESFP_RELATION,ESFP,Entertainer,연예인,Explorers,type_facet,relationships,"fun;presence;affection","relationship_context","관계 맥락에서는 즐거운 경험 공유, 즉각적인 관심 표현, 함께 있는 순간의 생동감을 중요하게 여길 수 있다.","https://www.16personalities.com/esfp-personality","Relationships","공개 자료를 한국어로 요약·재작성"
ESFP_WORK,ESFP,Entertainer,연예인,Explorers,type_facet,work_style,"people_facing;performance;hospitality","work_context","업무 맥락에서는 사람을 만나는 일, 표현 활동, 서비스, 현장 분위기 조성이 필요한 역할에서 강점이 나타날 수 있다.","https://www.16personalities.com/esfp-personality","Career Paths / Workplace Habits","공개 자료를 한국어로 요약·재작성"
