edge_id,source_id,relation,target_id,weight,evidence_note,source_url
EDGE_ASPECT_MIND_INTUITIVE,ASPECT_MIND,HAS_POLE,TRAIT_INTUITIVE,1.0,"Mind 측면의 한쪽 극이다.","https://www.16personalities.com/articles/our-theory"
EDGE_ASPECT_MIND_OBSERVANT,ASPECT_MIND,HAS_POLE,TRAIT_OBSERVANT,1.0,"Mind 측면의 한쪽 극이다.","https://www.16personalities.com/articles/our-theory"
EDGE_ASPECT_ENERGY_EXTRAVERTED,ASPECT_ENERGY,HAS_POLE,TRAIT_EXTRAVERTED,1.0,"Energy 측면의 한쪽 극이다.","https://www.16personalities.com/articles/our-theory"
EDGE_ASPECT_ENERGY_INTROVERTED,ASPECT_ENERGY,HAS_POLE,TRAIT_INTROVERTED,1.0,"Energy 측면의 한쪽 극이다.","https://www.16personalities.com/articles/our-theory"
EDGE_ASPECT_NATURE_THINKING,ASPECT_NATURE,HAS_POLE,TRAIT_THINKING,1.0,"Nature 측면의 한쪽 극이다.","https://www.16personalities.com/articles/our-theory"
EDGE_ASPECT_NATURE_FEELING,ASPECT_NATURE,HAS_POLE,TRAIT_FEELING,1.0,"Nature 측면의 한쪽 극이다.","https://www.16personalities.com/articles/our-theory"
EDGE_ASPECT_TACTICS_JUDGING,ASPECT_TACTICS,HAS_POLE,TRAIT_JUDGING,1.0,"Tactics 측면의 한쪽 극이다.","https://www.16personalities.com/articles/our-theory"
EDGE_ASPECT_TACTICS_PROSPECTING,ASPECT_TACTICS,HAS_POLE,TRAIT_PROSPECTING,1.0,"Tactics 측면의 한쪽 극이다.","https://www.16personalities.com/articles/our-theory"
EDGE_ASPECT_IDENTITY_ASSERTIVE,ASPECT_IDENTITY,HAS_POLE,TRAIT_ASSERTIVE,1.0,"Identity 측면의 한쪽 극이다.","https://www.16personalities.com/articles/our-theory"
EDGE_ASPECT_IDENTITY_TURBULENT,ASPECT_IDENTITY,HAS_POLE,TRAIT_TURBULENT,1.0,"Identity 측면의 한쪽 극이다.","https://www.16personalities.com/articles/our-theory"
EDGE_ROLE_ANALYSTS_N,ROLE_ANALYSTS,COMBINES_TRAIT,TRAIT_INTUITIVE,1.0,"분석가형 역할군의 핵심 조합이다.","https://www.16personalities.com/personality-types"
EDGE_ROLE_ANALYSTS_T,ROLE_ANALYSTS,COMBINES_TRAIT,TRAIT_THINKING,1.0,"분석가형 역할군의 핵심 조합이다.","https://www.16personalities.com/personality-types"
EDGE_ROLE_DIPLOMATS_N,ROLE_DIPLOMATS,COMBINES_TRAIT,TRAIT_INTUITIVE,1.0,"외교관형 역할군의 핵심 조합이다.","https://www.16personalities.com/personality-types"
EDGE_ROLE_DIPLOMATS_F,ROLE_DIPLOMATS,COMBINES_TRAIT,TRAIT_FEELING,1.0,"외교관형 역할군의 핵심 조합이다.","https://www.16personalities.com/personality-types"
EDGE_ROLE_SENTINELS_S,ROLE_SENTINELS,COMBINES_TRAIT,TRAIT_OBSERVANT,1.0,"관리자형 역할군의 핵심 조합이다.","https://www.16personalities.com/personality-types"
EDGE_ROLE_SENTINELS_J,ROLE_SENTINELS,COMBINES_TRAIT,TRAIT_JUDGING,1.0,"관리자형 역할군의 핵심 조합이다.","https://www.16personalities.com/personality-types"
EDGE_ROLE_EXPLORERS_S,ROLE_EXPLORERS,COMBINES_TRAIT,TRAIT_OBSERVANT,1.0,"탐험가형 역할군의 핵심 조합이다.","https://www.16personalities.com/personality-types"
EDGE_ROLE_EXPLORERS_P,ROLE_EXPLORERS,COMBINES_TRAIT,TRAIT_PROSPECTING,1.0,"탐험가형 역할군의 핵심 조합이다.","https://www.16personalities.com/personality-types"
EDGE_INTJ_ROLE,TYPE_INTJ,BELONGS_TO_ROLE,ROLE_ANALYSTS,1.0,"INTJ는 Analysts 역할군에 속한다.","https://www.16personalities.com/intj-personality"
EDGE_INTP_ROLE,TYPE_INTP,BELONGS_TO_ROLE,ROLE_ANALYSTS,1.0,"INTP는 Analysts 역할군에 속한다.","https://www.16personalities.com/intp-personality"
EDGE_ENTJ_ROLE,TYPE_ENTJ,BELONGS_TO_ROLE,ROLE_ANALYSTS,1.0,"ENTJ는 Analysts 역할군에 속한다.","https://www.16personalities.com/entj-personality"
EDGE_ENTP_ROLE,TYPE_ENTP,BELONGS_TO_ROLE,ROLE_ANALYSTS,1.0,"ENTP는 Analysts 역할군에 속한다.","https://www.16personalities.com/entp-personality"
EDGE_INFJ_ROLE,TYPE_INFJ,BELONGS_TO_ROLE,ROLE_DIPLOMATS,1.0,"INFJ는 Diplomats 역할군에 속한다.","https://www.16personalities.com/infj-personality"
EDGE_INFP_ROLE,TYPE_INFP,BELONGS_TO_ROLE,ROLE_DIPLOMATS,1.0,"INFP는 Diplomats 역할군에 속한다.","https://www.16personalities.com/infp-personality"
EDGE_ENFJ_ROLE,TYPE_ENFJ,BELONGS_TO_ROLE,ROLE_DIPLOMATS,1.0,"ENFJ는 Diplomats 역할군에 속한다.","https://www.16personalities.com/enfj-personality"
EDGE_ENFP_ROLE,TYPE_ENFP,BELONGS_TO_ROLE,ROLE_DIPLOMATS,1.0,"ENFP는 Diplomats 역할군에 속한다.","https://www.16personalities.com/enfp-personality"
EDGE_ISTJ_ROLE,TYPE_ISTJ,BELONGS_TO_ROLE,ROLE_SENTINELS,1.0,"ISTJ는 Sentinels 역할군에 속한다.","https://www.16personalities.com/istj-personality"
EDGE_ISFJ_ROLE,TYPE_ISFJ,BELONGS_TO_ROLE,ROLE_SENTINELS,1.0,"ISFJ는 Sentinels 역할군에 속한다.","https://www.16personalities.com/isfj-personality"
EDGE_ESTJ_ROLE,TYPE_ESTJ,BELONGS_TO_ROLE,ROLE_SENTINELS,1.0,"ESTJ는 Sentinels 역할군에 속한다.","https://www.16personalities.com/estj-personality"
EDGE_ESFJ_ROLE,TYPE_ESFJ,BELONGS_TO_ROLE,ROLE_SENTINELS,1.0,"ESFJ는 Sentinels 역할군에 속한다.","https://www.16personalities.com/esfj-personality"
EDGE_ISTP_ROLE,TYPE_ISTP,BELONGS_TO_ROLE,ROLE_EXPLORERS,1.0,"ISTP는 Explorers 역할군에 속한다.","https://www.16personalities.com/istp-personality"
EDGE_ISFP_ROLE,TYPE_ISFP,BELONGS_TO_ROLE,ROLE_EXPLORERS,1.0,"ISFP는 Explorers 역할군에 속한다.","https://www.16personalities.com/isfp-personality"
EDGE_ESTP_ROLE,TYPE_ESTP,BELONGS_TO_ROLE,ROLE_EXPLORERS,1.0,"ESTP는 Explorers 역할군에 속한다.","https://www.16personalities.com/estp-personality"
EDGE_ESFP_ROLE,TYPE_ESFP,BELONGS_TO_ROLE,ROLE_EXPLORERS,1.0,"ESFP는 Explorers 역할군에 속한다.","https://www.16personalities.com/esfp-personality"
