node_id,node_type,label_en,label_ko,definition,source_url
ASPECT_MIND,aspect,Mind,인식 방식,"정보를 어떤 방식으로 바라보고 처리하는지 나타내는 16Personalities의 성격 측면이다.","https://www.16personalities.com/articles/our-theory"
ASPECT_ENERGY,aspect,Energy,에너지 방향,"외부 환경 및 사회적 자극과 상호작용하는 방식을 나타내는 성격 측면이다.","https://www.16personalities.com/articles/our-theory"
ASPECT_NATURE,aspect,Nature,판단 방식,"의사결정과 감정 처리에서 논리와 공감 중 어떤 기준이 더 두드러지는지 나타내는 성격 측면이다.","https://www.16personalities.com/articles/our-theory"
ASPECT_TACTICS,aspect,Tactics,생활 양식,"계획, 결정, 실행에서 구조화와 유연성 중 어떤 방식이 더 두드러지는지 나타내는 성격 측면이다.","https://www.16personalities.com/articles/our-theory"
ASPECT_IDENTITY,aspect,Identity,자기 확신,"자기 확신, 스트레스 반응, 자기 개선 압력을 나타내는 16Personalities의 다섯 번째 성격 측면이다.","https://www.16personalities.com/articles/our-theory"
TRAIT_INTUITIVE,trait,Intuitive,직관형,"가능성, 패턴, 미래, 숨은 의미를 중시하는 정보 처리 경향이다.","https://www.16personalities.com/articles/our-theory"
TRAIT_OBSERVANT,trait,Observant,현실관찰형,"실제 경험, 현재 사실, 익숙한 방식, 실용성을 중시하는 정보 처리 경향이다.","https://www.16personalities.com/articles/our-theory"
TRAIT_EXTRAVERTED,trait,Extraverted,외향형,"사회적 상호작용과 외부 자극에서 에너지를 얻는 경향이다.","https://www.16personalities.com/articles/our-theory"
TRAIT_INTROVERTED,trait,Introverted,내향형,"혼자 있는 시간, 깊은 집중, 낮은 자극 환경을 선호하는 경향이다.","https://www.16personalities.com/articles/our-theory"
TRAIT_THINKING,trait,Thinking,사고형,"객관성, 논리, 효율, 원칙 중심 판단을 선호하는 경향이다.","https://www.16personalities.com/articles/our-theory"
TRAIT_FEELING,trait,Feeling,감정형,"공감, 관계 맥락, 사회적 조화, 가치 중심 판단을 선호하는 경향이다.","https://www.16personalities.com/articles/our-theory"
TRAIT_JUDGING,trait,Judging,계획형,"구조, 예측 가능성, 명확한 결론, 계획적 실행을 선호하는 경향이다.","https://www.16personalities.com/articles/our-theory"
TRAIT_PROSPECTING,trait,Prospecting,탐색형,"유연성, 즉흥 대응, 열린 선택지, 상황 적응을 선호하는 경향이다.","https://www.16personalities.com/articles/our-theory"
TRAIT_ASSERTIVE,trait,Assertive,자기확신형,"자기 판단에 대한 확신과 안정적인 스트레스 반응이 상대적으로 두드러지는 경향이다.","https://www.16personalities.com/articles/our-theory"
TRAIT_TURBULENT,trait,Turbulent,민감개선형,"자기 점검, 개선 욕구, 성취 압력, 외부 피드백 민감성이 상대적으로 두드러지는 경향이다.","https://www.16personalities.com/articles/our-theory"
ROLE_ANALYSTS,role,Analysts,분석가형,"직관형과 사고형 조합에 기반한 역할군으로, 합리성, 전략, 지적 탐구 맥락에서 설명된다.","https://www.16personalities.com/personality-types"
ROLE_DIPLOMATS,role,Diplomats,외교관형,"직관형과 감정형 조합에 기반한 역할군으로, 가치, 공감, 의미, 성장 맥락에서 설명된다.","https://www.16personalities.com/personality-types"
ROLE_SENTINELS,role,Sentinels,관리자형,"현실관찰형과 계획형 조합에 기반한 역할군으로, 안정, 질서, 책임, 실무 관리 맥락에서 설명된다.","https://www.16personalities.com/personality-types"
ROLE_EXPLORERS,role,Explorers,탐험가형,"현실관찰형과 탐색형 조합에 기반한 역할군으로, 유연성, 경험, 즉흥 대응, 현장성 맥락에서 설명된다.","https://www.16personalities.com/personality-types"
TYPE_INTJ,type,Architect,전략가,"I, N, T, J 조합의 분석가형 유형이다.","https://www.16personalities.com/intj-personality"
TYPE_INTP,type,Logician,논리술사,"I, N, T, P 조합의 분석가형 유형이다.","https://www.16personalities.com/intp-personality"
TYPE_ENTJ,type,Commander,통솔자,"E, N, T, J 조합의 분석가형 유형이다.","https://www.16personalities.com/entj-personality"
TYPE_ENTP,type,Debater,변론가,"E, N, T, P 조합의 분석가형 유형이다.","https://www.16personalities.com/entp-personality"
TYPE_INFJ,type,Advocate,옹호자,"I, N, F, J 조합의 외교관형 유형이다.","https://www.16personalities.com/infj-personality"
TYPE_INFP,type,Mediator,중재자,"I, N, F, P 조합의 외교관형 유형이다.","https://www.16personalities.com/infp-personality"
TYPE_ENFJ,type,Protagonist,선도자,"E, N, F, J 조합의 외교관형 유형이다.","https://www.16personalities.com/enfj-personality"
TYPE_ENFP,type,Campaigner,활동가,"E, N, F, P 조합의 외교관형 유형이다.","https://www.16personalities.com/enfp-personality"
TYPE_ISTJ,type,Logistician,현실주의자,"I, S, T, J 조합의 관리자형 유형이다.","https://www.16personalities.com/istj-personality"
TYPE_ISFJ,type,Defender,수호자,"I, S, F, J 조합의 관리자형 유형이다.","https://www.16personalities.com/isfj-personality"
TYPE_ESTJ,type,Executive,경영자,"E, S, T, J 조합의 관리자형 유형이다.","https://www.16personalities.com/estj-personality"
TYPE_ESFJ,type,Consul,집정관,"E, S, F, J 조합의 관리자형 유형이다.","https://www.16personalities.com/esfj-personality"
TYPE_ISTP,type,Virtuoso,장인,"I, S, T, P 조합의 탐험가형 유형이다.","https://www.16personalities.com/istp-personality"
TYPE_ISFP,type,Adventurer,모험가,"I, S, F, P 조합의 탐험가형 유형이다.","https://www.16personalities.com/isfp-personality"
TYPE_ESTP,type,Entrepreneur,사업가,"E, S, T, P 조합의 탐험가형 유형이다.","https://www.16personalities.com/estp-personality"
TYPE_ESFP,type,Entertainer,연예인,"E, S, F, P 조합의 탐험가형 유형이다.","https://www.16personalities.com/esfp-personality"
